Rodovia;Sentido;Tipo;Km Inicial;Km Final;Comprimento (m);Latitude Inicial;Longitude Inicial;Latitude Final;Longitude Final
BR-262;Oeste;Meio-Fio;0+006;0+017;11;-20.79109056;-51.62107572;-20.79108223;-51.62114881
BR-262;Oeste;Meio-Fio;1+568;2+022;454;-20.78934551;-51.6365944;-20.78860787;-51.64083682
BR-262;Oeste;Meio-Fio;2+033;2+044;11;-20.78859872;-51.64094497;-20.78858866;-51.6410523
BR-262;Oeste;Meio-Fio;2+049;2+592;543;-20.78858403;-51.64109795;-20.78874203;-51.64627427
BR-262;Oeste;Meio-Fio;2+602;3+110;508;-20.7887438;-51.64637371;-20.78834473;-51.65119499
BR-262;Oeste;Meio-Fio;3+121;3+985;864;-20.788311;-51.65128121;-20.78228488;-51.65597122
BR-262;Oeste;Meio-Fio;4+000;4+027;27;-20.78215419;-51.65592589;-20.78192625;-51.65591978
BR-262;Oeste;Meio-Fio;4+063;4+089;;-20.7816477;-51.65608704;-20.78152511;-51.6562992
BR-262;Oeste;Meio-Fio;4+194;4+287;x;-20.78190568;-51.65712913;-20.78197939;-51.6580116
BR-262;Oeste;Meio-Fio;4+297;4+354;57;-20.7819779;-51.65810874;-20.7819559;-51.65865262
BR-262;Oeste;Meio-Fio;4+401;4+489;88;-20.78193343;-51.65909317;-20.78191596;-51.65993525
BR-262;Oeste;Meio-Fio;4+505;5+056;551;-20.78191537;-51.66008425;-20.7818406;-51.66535235
BR-262;Oeste;Meio-Fio;5+071;5+087;16;-20.78184314;-51.66550576;-20.78184317;-51.66565458
BR-262;Oeste;Meio-Fio;5+097;5+118;21;-20.78184101;-51.6657579;-20.78183738;-51.66595844
BR-262;Oeste;Meio-Fio;5+150;5+491;341;-20.78183156;-51.66625099;-20.78172396;-51.66952662
BR-262;Oeste;Meio-Fio;5+542;5+558;16;-20.78170035;-51.67000934;-20.78170451;-51.67016227
BR-262;Oeste;Meio-Fio;5+696;5+754;58;-20.78202108;-51.67142953;-20.782233;-51.6719436
BR-262;Oeste;Meio-Fio;5+764;5+791;27;-20.78227273;-51.67202514;-20.78239141;-51.67225356
BR-262;Oeste;Meio-Fio;5+812;5+860;48;-20.78250868;-51.67244654;-20.78272809;-51.67274715
BR-262;Oeste;Meio-Fio;5+902;5+918;16;-20.78301536;-51.67308466;-20.78311879;-51.67319126
BR-262;Oeste;Meio-Fio;5+929;5+983;54;-20.78319301;-51.67326445;-20.78358139;-51.67358675
BR-262;Oeste;Meio-Fio;6+438;6+492;54;-20.78708806;-51.67582005;-20.78750581;-51.67608337
BR-262;Oeste;Meio-Fio;6+509;6+530;21;-20.78763335;-51.67616413;-20.78779827;-51.67626784
BR-262;Oeste;Meio-Fio;6+547;6+769;222;-20.78793687;-51.67635528;-20.78965644;-51.67744266
BR-262;Oeste;Meio-Fio;6+826;6+841;15;-20.79009218;-51.67771796;-20.79021622;-51.67779597
BR-262;Oeste;Meio-Fio;6+904;6+984;80;-20.79070007;-51.67810096;-20.79131098;-51.67848664
BR-262;Oeste;Meio-Fio;7+205;7+226;21;-20.7930304;-51.67957423;-20.79319447;-51.6796769
BR-262;Oeste;Meio-Fio;7+290;7+374;84;-20.79368443;-51.67998794;-20.79432783;-51.68040028
BR-262;Oeste;Meio-Fio;7+396;7+499;103;-20.79449634;-51.68050986;-20.79528733;-51.68102624
BR-262;Oeste;Meio-Fio;7+515;;48;-20.79541332;-51.6811085;-20.79578101;-50.68135132
BR-262;Oeste;Meio-Fio;7+872;7+977;105;-20.79816291;-51.68290152;-20.79896952;-51.68341731
BR-262;;DP - CONCRETO;9+493;9+493;;20483367S;;51412369W;
BR-262;Oeste;Meio-Fio;9+965;10+109;144;-20.81303704;-51.69458753;-20.81360646;-51.69582862
BR-262;;DP - CONCRETO;10+946;10+946;;20485838S;;5142556W;
BR-262;Oeste;Meio-Fio;11+682;12+081;399;-20.81979762;-51.70937796;-20.82044523;-51.7131932
BR-262;Oeste;Meio-Fio;12+096;12+122;26;-20.82043698;-51.71325727;-20.82041816;-51.71350735
BR-262;Oeste;Meio-Fio;12+133;12+191;58;-20.82040844;-51.71360701;-20.82033519;-51.71416121
BR-262;Oeste;Meio-Fio;12+202;12+285;83;-20.82031999;-51.71425599;-20.8201567;-51.71503466
BR-262;Oeste;Meio-Fio;12+333;12+544;211;-20.8200305;-51.71547752;-20.81945;-51.71749661
BR-262;Oeste;Meio-Fio;13+054;13+339;285;-20.81784119;-51.72195819;-20.81622783;-51.72407296
BR-262;Oeste;Meio-Fio;13+360;13+428;68;-20.81606765;-51.72416634;-20.81581901;-51.72471695
BR-262;Oeste;Meio-Fio;13+912;13+928;16;-20.81342103;-51.72857634;-20.81335329;-51.72868777
BR-262;Oeste;Meio-Fio;14+021;14+089;68;-20.81305306;-51.72952881;-20.81274692;-51.73007623
BR-262;Oeste;Meio-Fio;14+130;14+181;51;-20.81255471;-51.73041783;-20.81231993;-51.73083799
BR-262;Oeste;Meio-Fio;14+497;14+607;110;-20.81143991;-51.73302445;-20.81231861;-51.73349932
BR-262;Oeste;Meio-Fio;14+696;14+754;58;-20.81283123;-51.73415257;-20.81295242;-51.73468833
BR-262;Oeste;Meio-Fio;17+351;17+450;99;-20.81492964;-51.75941518;-20.81506809;-51.76035319
BR-262;;DP - CONCRETO;21+970;21+970;;2049809S;;51481294W;
BR-262;;DP - CONCRETO;23+558;23+558;;20485437S;;5149593W;
BR-262;Oeste;Meio-Fio;26+051;26+346;295;-20.80929038;-51.84041056;-20.80858011;-51.84313789
BR-262;;DP - CONCRETO;26+510;26+510;;20482872S;;51504428W;
BR-262;;DP - CONCRETO;27+366;27+366;;20482126S;;51511278W;
BR-262;;DP - CONCRETO;28+138;28+138;;20481443S;;51513854W;
BR-262;;DP - CONCRETO;28+618;28+618;;20481022S;;51515447W;
BR-262;Oeste;Meio-Fio;29+038;29+261;223;-20.80207595;-51.86796707;-20.80153061;-51.87002449
BR-262;Oeste;Meio-Fio;29+366;29+530;164;-20.80128081;-51.87098105;-20.8008815;-51.87250634
BR-262;Oeste;Meio-Fio;29+541;29+552;11;-20.80085735;-51.87259986;-20.80082842;-51.87271199
BR-262;Oeste;Meio-Fio;29+563;29+606;43;-20.80080415;-51.8728053;-20.80070111;-51.87319632
BR-262;Oeste;Meio-Fio;29+617;29+633;16;-20.8006717;-51.87330785;-20.80063263;-51.8734563
BR-262;Oeste;Meio-Fio;29+638;29+804;166;-20.8006228;-51.87349337;-20.80021855;-51.87503063
BR-262;;DP - CONCRETO;31+400;31+400;;2079646;;5188966;
BR-262;;DP - CONCRETO;32+205;32+205;;20473907S;;51535407W;
BR-262;Oeste;Meio-Fio;32+815;32+917;102;-20.79303691;-51.90253798;-20.7927879;-51.9034864
BR-262;;DP - CONCRETO;33+900;33+900;;20472599S;;51544356W;
BR-262;Oeste;Meio-Fio;34+856;35+014;158;-20.788097;-51.92139774;-20.78771371;-51.92286213
BR-262;Oeste;Meio-Fio;38+512;38+879;367;-20.77927225;-51.9552002;-20.77838393;-51.95858813
BR-262;;DP - CONCRETO;39+600;39+600;;20463485S;;5158052W;
BR-262;;DP - CONCRETO;40+533;40+533;;20462642S;;51583135W;
BR-262;;DP - CONCRETO;42+000;42+000;;20461395S;;51591937W;
BR-262;Oeste;Meio-Fio;42+059;42+266;207;-20.77068527;-51.98801527;-20.77018629;-51.98991297
BR-262;;DP - CONCRETO;44+307;44+307;;20455349S;;52 03729W;
BR-262;Oeste;Meio-Fio;44+325;44+503;178;-20.76517737;-52.00894802;-20.76474003;-52.01060868
BR-262;;DP - CONCRETO;45+288;45+288;;20454484S;;52 1991W;
BR-262;;DP - CONCRETO;46+537;46+537;;20453392S;;52 15144W;
BR-262;;DP - CONCRETO;48+831;48+831;;20451202S;;52 31417W;
BR-262;Oeste;Meio-Fio;49+109;49+347;238;-20.75349952;-52.05316783;-20.752769;-51.05533336
BR-262;Oeste;Meio-Fio;49+370;49+391;21;-20.75271117;-52.05554315;-20.75265618;-51.05573439
BR-262;Oeste;Meio-Fio;49+391;49+697;306;-20.75265618;-51.05573439;-20.75206558;-52.05859211
BR-262;;DP - CONCRETO;49+400;49+400;;2045932S;;52 32435W;
BR-262;;DP - CONCRETO;49+837;49+837;;2045586S;;52 33702W;
BR-262;;DP - CONCRETO;54+474;54+474;;20442346S;;52 61096W;
BR-262;Oeste;Meio-Fio;57+848;58+572;724;-20.7255317;-52.13110083;-20.72025128;-52.13459509
BR-262;Oeste;Meio-Fio;58+689;60+845;2156;-20.71963983;-52.13550641;-20.71190042;-51.15451769
BR-262;Oeste;Meio-Fio;62+165;62+614;449;-20.70716338;-52.16613398;-20.70554081;-51.1700944
BR-262;Oeste;Meio-Fio;62+630;62+971;341;-20.70548597;-52.17022904;-20.7042488;-52.17320969
BR-262;;DP - CONCRETO;64+245;64+245;;20415765S;;5211513W;
BR-262;;DP - CONCRETO;66+236;66+236;;20413129S;;5212800W;
BR-262;Oeste;Meio-Fio;66+406;67+361;955;-20.69154677;-52.20331814;-20.6880296;-51.2116761
BR-262;Oeste;Meio-Fio;68+830;69+096;266;-20.68260964;-52.2245512;-20.68163324;-52.22687024
BR-262;Oeste;Meio-Fio;69+118;69+145;27;-20.68155223;-52.22706585;-20.68144837;-52.22731469
BR-262;Oeste;Meio-Fio;69+145;69+210;65;-20.68144837;-52.22731469;-20.68121107;-52.22788574
BR-262;;DP - CONCRETO;70+167;70+167;;20403896S;;52141193W;
BR-262;;DP - CONCRETO;72+048;72+048;;20401394S;;52151124W;
BR-262;Oeste;Meio-Fio;72+197;73+577;1380;-20.67016107;-52.25402125;-20.66506195;-52.26608308
BR-262;;DP - CONCRETO;72+952;72+952;;2040187S;;52153968W;
BR-262;Oeste;Meio-Fio;73+603;74+608;1005;-20.66496623;-52.2663125;-20.66124688;-52.27511433
BR-262;Oeste;Meio-Fio;74+629;74+656;27;-20.66117011;-52.27529693;-20.66106739;-51.27553827
BR-262;Oeste;Meio-Fio;78+322;78+987;665;-20.64732892;-52.30756361;-20.64486458;-51.313328
BR-262;Oeste;Meio-Fio;79+748;79+775;27;-20.64199586;-52.31999085;-20.64189092;-52.32023495
BR-262;Oeste;Meio-Fio;79+803;79+825;;-20.64178958;-52.32047116;-20.64170516;-52.32066971
BR-262;Oeste;Meio-Fio;80+091;80+404;313;-20.64072326;-52.32298167;-20.63956315;-52.32571948
BR-262;Oeste;Meio-Fio;80+431;81+183;752;-20.63945851;-52.32596255;-20.63665457;-52.3325326
BR-262;Oeste;Meio-Fio;81+199;81+903;704;-20.63659573;-52.33267207;-20.63401445;-52.33887129
BR-262;;DP - CONCRETO;82+000;82+000;;2038045S;;52202471W;
BR-262;Oeste;Meio-Fio;84+081;84+968;887;-20.62602427;-52.35791659;-20.62272323;-52.36567531
BR-262;;DP - CONCRETO;88+929;88+929;;20362805S;;5224276W;
BR-262;Oeste;Meio-Fio;92+082;92+231;149;-20.59558223;-52.42736207;-20.5944864;-52.42819653
BR-262;Oeste;Meio-Fio;92+273;94+296;2023;-20.59418147;-52.42843069;-20.58877233;-52.44547057
BR-262;Oeste;Meio-Fio;94+336;95+596;1260;-20.58862974;-52.4458091;-20.58393807;-52.45683903
BR-262;Oeste;Meio-Fio;95+636;95+793;157;-20.58378585;-52.45719462;-20.58320783;-52.45854988
BR-262;Oeste;Meio-Fio;96+631;96+830;199;-20.580097;-52.46589376;-20.57935285;-52.46763823
BR-262;;DP - CONCRETO;96+683;96+683;;20344686S;;5228044W;
BR-262;Oeste;Meio-Fio;100+135;100+451;316;-20.56491205;-52.49405378;-20.56465555;-52.49707338
BR-262;Oeste;Meio-Fio;100+715;100+803;88;-20.56444571;-52.49957197;-20.56436854;-52.50042019
BR-262;Oeste;Meio-Fio;101+007;101+371;364;-20.56420472;-52.50237701;-20.56391004;-52.50585622
BR-262;Oeste;Meio-Fio;101+388;102+002;614;-20.56389808;-52.50600025;-20.56237819;-52.51161919
BR-262;;DP - CONCRETO;103+844;103+844;;20331805S;;52314106W;
BR-262;;DP - CONCRETO;104+480;104+480;;20331078S;;5232122W;
BR-262;Oeste;Meio-Fio;105+349;105+561;212;-20.54950065;-52.54064342;-20.54868862;-52.54249628
BR-262;Oeste;Meio-Fio;106+664;106+731;67;-20.54447912;-52.55205844;-20.54422368;-52.55266677
BR-262;;DP - CONCRETO;122+762;122+762;;2030556S;;52415618W;
BR-262;;DP - CONCRETO;127+547;127+547;;20293527S;;52443857W;
BR-262;;DP - CONCRETO;133+537;133+537;;20285746S;;5248123W;
BR-262;;DP - CONCRETO;133+783;133+783;;20285588S;;5248973W;
BR-262;;DP - CONCRETO;140+500;140+500;;20264557S;;5251437W;
BR-262;;DP - CONCRETO;142+700;142+700;;20264515S;;52521064W;
BR-262;Oeste;Meio-Fio;143+405;143+466;61;-20.44541247;-52.87454159;-20.44526464;-52.87511189
BR-262;Oeste;Meio-Fio;143+523;143+597;74;-20.44512732;-52.87563006;-20.44494447;-52.87632324
BR-262;Oeste;Meio-Fio;143+618;143+639;21;-20.44489241;-52.87652263;-20.44484574;-52.87671138
BR-262;Oeste;Meio-Fio;143+655;143+692;37;-20.44481082;-52.8768571;-20.44472597;-52.87719662
BR-262;Oeste;Meio-Fio;143+717;143+764;47;-20.4446636;-52.87743875;-20.44455525;-52.87787344
BR-262;Oeste;Meio-Fio;143+805;143+899;94;-20.44445868;-52.87825832;-20.44424363;-52.87912416
BR-262;Oeste;Meio-Fio;144+139;144+175;36;-20.44369764;-52.88136337;-20.44363399;-52.88169844
BR-262;Oeste;Meio-Fio;144+241;144+272;31;-20.44352837;-52.88232966;-20.44349219;-52.88261894
BR-262;Oeste;Meio-Fio;144+282;144+313;;-20.44348186;-52.88271532;-20.44345577;-52.88300318
BR-262;Oeste;Meio-Fio;144+333;144+411;78;-20.44344116;-52.88320119;-20.44339786;-52.88395427
BR-262;;DP - CONCRETO;146+453;146+453;;2028534S;;52572028W;
BR-262;;DP - CONCRETO;146+542;146+542;;20265221S;;52541910W;
BR-262;;DP - CONCRETO;149+500;149+500;;2046087;;5292838;
BR-262;;DP - CONCRETO;154+771;154+771;;20274801S;;52583810W;
BR-262;;DP - CONCRETO;156+300;156+300;;20273650S;;52592936W;
BR-262;;DP - CONCRETO;157+462;157+462;;20272782S;;53 0854W;
BR-262;;DP - CONCRETO;158+539;158+539;;20271967S;;53 04480W;
BR-262;;DP - CONCRETO;159+666;159+666;;20271126S;;53 12257W;
BR-262;;DP - CONCRETO;160+530;160+530;;2027485S;;53 15116W;
BR-262;;DP - CONCRETO;162+483;162+483;;20265010S;;53 25706W;
BR-262;;DP - CONCRETO;164+441;164+441;;20263540S;;53 4272W;
BR-262;;DP - CONCRETO;166+173;166+173;;20261266S;;53 45564W;
BR-262;;DP - CONCRETO;168+658;168+658;;20253265S;;53 6756W;
BR-262;;DP - CONCRETO;170+711;170+711;;20251780S;;53 71655W;
BR-262;;DP - CONCRETO;177+492;177+492;;20244292S;;5311734W;
BR-262;Oeste;Meio-Fio;178+045;178+374;329;-20.41134728;-53.18940773;-20.41093526;-53.19255739
BR-262;;DP - CONCRETO;179+680;179+680;;20243300S;;53122269W;
BR-262;Oeste;Meio-Fio;191+175;191+186;11;-20.44622175;-53.30292284;-20.44624211;-53.30302487
BR-262;Oeste;Meio-Fio;191+201;192+084;883;-20.44627461;-53.30318776;-20.44789501;-53.31145694
BR-262;Oeste;Meio-Fio;192+148;193+184;1036;-20.44801028;-53.31203839;-20.44991049;-53.32174787
BR-262;;DP - CONCRETO;192+229;192+229;;20265351S;;53184592W;
BR-262;Oeste;Meio-Fio;193+350;195+383;2033;-20.45021718;-53.32331078;-20.45395091;-53.34238254
BR-262;;DP - CONCRETO;194+573;194+573;;2027897S;;5320507W;
BR-262;Oeste;Meio-Fio;195+953;197+080;1127;-20.45499483;-53.34770881;-20.45705446;-53.35825911
BR-262;Oeste;Meio-Fio;197+118;197+339;221;-20.4571264;-53.3586207;-20.45753231;-53.3606886
BR-262;Oeste;Meio-Fio;197+587;198+131;544;-20.45798982;-53.36301831;-20.45897968;-53.36813219
BR-262;Oeste;Meio-Fio;198+391;198+554;163;-20.45944762;-53.37055008;-20.45974663;-53.37207506
BR-262;Oeste;Meio-Fio;198+778;198+950;172;-20.46015737;-53.37418824;-20.46046804;-53.37578755
BR-262;Oeste;Meio-Fio;199+270;220+472;2102;-20.46105514;-53.37880699;-20.46324169;-53.39006693
BR-262;Oeste;Meio-Fio;200+757;201+467;710;-20.46376285;-53.39274387;-20.46505277;-53.39940211
BR-262;Oeste;Meio-Fio;201+477;201+509;32;-20.46507337;-53.39950894;-20.4651311;-53.39980355
BR-262;Oeste;Meio-Fio;201+524;202+573;1049;-20.46516087;-53.39995068;-20.4670689;-53.40979228
BR-262;Oeste;Meio-Fio;203+439;203+898;459;-20.46748907;-53.41802358;-20.4673283;-53.42242808
BR-262;Oeste;Meio-Fio;204+989;205+921;932;-20.46695117;-53.43287389;-20.46663183;-53.44179024
BR-262;;DP - CONCRETO;205+652;205+652;;2028010S;;53262146W;
BR-262;Oeste;Meio-Fio;206+129;206+696;567;-20.46656015;-53.44377406;-20.46636655;-53.44920386
BR-262;Oeste;Meio-Fio;206+737;207+292;555;-20.46635315;-53.44958031;-20.46616368;-53.45491012
BR-262;;DP - CONCRETO;207+070;207+070;;20275987S;;53271030W;
BR-262;;DP - CONCRETO;208+000;208+000;;20275743S;;53274251W;
BR-262;Oeste;Meio-Fio;208+612;209+092;480;-20.46570884;-53.46753463;-20.46554378;-53.4721131
BR-262;Oeste;Meio-Fio;209+388;209+699;311;-20.46544694;-53.47495191;-20.46534098;-53.47793838
BR-262;;DP - CONCRETO;209+582;209+582;;20275558S;;53283705W;
BR-262;Oeste;Meio-Fio;209+844;210+737;893;-20.46528813;-53.47930583;-20.46497884;-53.48784081
BR-262;Oeste;Meio-Fio;211+630;212+042;412;-20.46467236;-53.49638591;-20.46453293;-53.5003251
BR-262;Oeste;Meio-Fio;213+551;214+368;817;-20.46455139;-53.51473308;-20.46510446;-53.52252238
BR-262;Oeste;Meio-Fio;214+561;214+709;148;-20.4652371;-53.52437842;-20.46533786;-53.52578645
BR-262;Oeste;Meio-Fio;217+416;217+537;121;-20.46717537;-53.55163908;-20.46725145;-53.55277035
BR-262;Oeste;Meio-Fio;217+880;218+107;227;-20.46748727;-53.55606148;-20.46763854;-53.55822751
BR-262;Oeste;Meio-Fio;218+453;219+277;824;-20.46787784;-53.56154487;-20.46842864;-53.56940962
BR-262;Oeste;Meio-Fio;219+991;220+257;;-20.46891268;-53.57622109;-20.46909351;-53.5787571
BR-262;Oeste;Meio-Fio;220+296;222+352;2056;-20.46911885;-53.57912314;-20.47051172;-53.5987594
BR-262;Oeste;Meio-Fio;222+881;223+300;419;-20.47086852;-53.60384738;-20.47115174;-53.6078418
BR-262;Oeste;Meio-Fio;223+615;223+921;306;-20.47136499;-53.61083462;-20.47157097;-53.61375361
BR-262;Oeste;Meio-Fio;224+509;226+573;2064;-20.47198867;-53.61944844;-20.47337903;-53.63917097
BR-262;Oeste;Meio-Fio;227+753;227+890;137;-20.47417769;-53.65046277;-20.47427133;-53.65174744
BR-262;Oeste;Meio-Fio;228+014;228+172;158;-20.47434606;-53.65294309;-20.47427921;-53.65445046
BR-262;Oeste;Meio-Fio;228+239;228+315;76;-20.47417803;-53.65509182;-20.47402221;-53.65578467
BR-262;Oeste;Meio-Fio;228+523;229+490;967;-20.4735427;-53.65771933;-20.47131792;-53.66668599
BR-262;Oeste;Meio-Fio;230+132;230+341;209;-20.46984427;-53.67263546;-20.46936402;-53.67458159
BR-262;Oeste;Meio-Fio;230+367;230+409;42;-20.46930299;-53.67482862;-20.46920974;-53.67520961
BR-262;Oeste;Meio-Fio;230+414;230+498;84;-20.46919952;-53.67525199;-20.46900636;-53.67603555
BR-262;Oeste;Meio-Fio;230+536;231+336;800;-20.46892115;-53.67638056;-20.46710404;-53.68372816
BR-262;;DP - CONCRETO;230+890;230+890;;2028484S;;53404704W;
BR-262;;DP - CONCRETO;230+890;230+890;;2028558S;;53404737W;
BR-262;;DP - CONCRETO;230+946;230+946;;2028711S;;53404981W;
BR-262;Oeste;Meio-Fio;231+494;232+208;714;-20.46674396;-53.68518324;-20.46510925;-53.69178772
BR-262;Oeste;Meio-Fio;232+370;232+677;307;-20.46473605;-53.69329521;-20.46403408;-53.69613443
BR-262;Oeste;Meio-Fio;232+699;232+978;279;-20.46398792;-53.69632066;-20.46334637;-53.69892766
BR-262;Oeste;Meio-Fio;233+269;233+350;81;-20.46268872;-53.70161017;-20.46250291;-53.70236219
BR-262;Oeste;Meio-Fio;233+377;233+571;194;-20.46243808;-53.70232628;-20.46199717;-53.70440804
BR-262;Oeste;Meio-Fio;233+752;233+824;72;-20.46157995;-53.70609842;-20.46141766;-53.70675715
BR-262;Oeste;Meio-Fio;234+921;235+230;309;-20.45892034;-53.71692695;-20.4582199;-53.71979447
BR-262;Oeste;Meio-Fio;235+398;235+537;139;-20.45783766;-53.72133724;-20.45752127;-53.72263034
BR-262;Oeste;Meio-Fio;235+548;235+953;405;-20.45749752;-53.72272772;-20.45657308;-53.72648431
BR-262;Oeste;Meio-Fio;235+997;236+434;437;-20.45647133;-53.72689283;-20.45547684;-53.73092254
BR-262;Oeste;Meio-Fio;236+937;237+322;385;-20.45508104;-53.73570895;-20.45540231;-53.73945228
BR-262;Oeste;Meio-Fio;237+341;237+666;325;-20.45540971;-53.73954197;-20.45567661;-53.7426407
BR-262;Oeste;Meio-Fio;237+693;237+941;248;-20.45569723;-53.74291035;-20.45590327;-53.74528516
BR-262;Oeste;Meio-Fio;238+049;238+371;322;-20.45598277;-53.74629971;-20.45624809;-53.74938564
BR-262;Oeste;Meio-Fio;238+397;238+549;152;-20.45626729;-53.74962722;-20.45638994;-53.75108363
BR-262;Oeste;Meio-Fio;238+565;238+643;78;-20.46640132;-53.75121406;-20.45646603;-53.7519758
BR-262;Oeste;Meio-Fio;238+665;238+837;172;-20.45648329;-53.75219037;-20.45662651;-53.75383519
BR-262;Oeste;Meio-Fio;238+848;239+073;225;-20.45663478;-53.75393832;-20.45682124;-53.75607442
BR-262;Oeste;Meio-Fio;239+541;239+587;46;-20.45720861;-53.76053377;-20.45724373;-53.76096086
BR-262;Oeste;Meio-Fio;239+827;240+092;265;-20.45743906;-53.76324823;-20.45765518;-53.76577667
BR-262;Oeste;Meio-Fio;241+862;242+588;726;-20.45649658;-53.78268001;-20.45593812;-53.78958034
BR-262;Oeste;Meio-Fio;242+633;243+773;1140;-20.45590326;-53.79001917;-20.45503289;-53.80092226
BR-262;Oeste;Meio-Fio;244+033;244+482;449;-20.45483268;-53.80339327;-20.45347153;-53.8073727
BR-262;;DP - CONCRETO;244+464;244+464;;20271008S;;53483002W;
BR-262;Oeste;Meio-Fio;244+488;245+066;578;-20.4534469;-53.80740624;-20.45024879;-53.8117776
BR-262;Oeste;Meio-Fio;249+268;249+485;217;-20.42702317;-53.84361515;-20.42584228;-53.84527004
BR-262;Oeste;Meio-Fio;249+496;249+585;89;-20.4257808;-53.84535644;-20.42529657;-53.84603478
BR-262;Oeste;Meio-Fio;249+606;251+098;1492;-20.42518307;-53.84619479;-20.4170455;-53.85759746
BR-262;;DP - CONCRETO;252+604;252+604;;20243296S;;53521603W;
BR-262;Oeste;Meio-Fio;256+310;256+887;577;-20.40066339;-53.90326605;-20.40042783;-53.90878904
BR-262;Oeste;Meio-Fio;258+574;259+109;535;-20.40450519;-53.92427307;-20.40633665;-53.92899973
BR-262;;DP - CONCRETO;259+332;259+332;;20242788S;;53555693W;
BR-262;Oeste;Meio-Fio;261+586;262+134;548;-20.42016012;-53.94703368;-20.42270615;-53.95153361
BR-262;Oeste;Meio-Fio;272+961;273+637;676;-20.4625431;-54.04032443;-20.46377644;-54.04933457
BR-262;Oeste;Meio-Fio;273+713;273+791;78;-20.46391786;-54.05006163;-20.46405644;-54.05078315
BR-262;Oeste;Meio-Fio;274+505;274+908;403;-20.46533958;-54.05749664;-20.46606603;
BR-262;;DP - CONCRETO;275+052;275+052;;20275978S;;54 35077W;
BR-262;Oeste;Meio-Fio;275+166;275+796;630;-20.46653163;-54.06369188;-20.46766091;-53.06960206
BR-262;Oeste;Meio-Fio;275+802;276+029;227;-20.46767254;-54.06966279;-20.46807667;-53.07177384
BR-262;Oeste;Meio-Fio;279+451;280+098;647;-20.47420805;-54.10390294;-20.47536812;-53.10995868
BR-262;Oeste;Meio-Fio;280+712;283+198;2486;-20.4764655;-54.11572932;-20.48090961;-53.13904411
BR-262;Oeste;Meio-Fio;283+738;284+644;906;-20.48188571;-54.1441062;-20.48351354;-53.15259975
BR-262;Oeste;Meio-Fio;287+295;287+828;533;-20.48823099;-54.17748854;-20.48922371;-53.18248109
BR-262;Oeste;Meio-Fio;287+876;288+690;814;-20.48930569;-54.18293321;-20.49061977;-53.19060563
BR-262;Oeste;Meio-Fio;289+961;290+086;125;-20.49360309;-54.20228034;-20.49394503;-54.20340661
BR-262;Oeste;Meio-Fio;291+718;292+502;784;-20.4968835;-54.21874782;-20.49829743;-54.22611249
BR-262;;DP - CONCRETO;292+336;292+336;;20295521S;;54133333W;
BR-262;Oeste;Meio-Fio;294+146;294+434;288;-20.50125916;-54.24154861;-20.50178024;-53.24425273
BR-262;Oeste;Meio-Fio;294+788;294+920;132;-20.50241829;-54.24757518;-20.50265181;-54.24880866
BR-262;Oeste;Meio-Fio;294+959;295+144;185;-20.50272199;-54.24918015;-20.50305025;-54.25090428
BR-262;Oeste;Meio-Fio;295+451;295+651;200;-20.50360259;-54.25378606;-20.50396578;-53.25597321
BR-262;Oeste;Meio-Fio;297+705;297+990;285;-20.50765311;-54.27494613;-20.50778084;-54.27767771
BR-262;Oeste;Meio-Fio;298+008;298+220;212;-20.50775347;-54.27784041;-20.50712589;-54.27973742
BR-262;Oeste;Meio-Fio;299+548;299+665;117;-20.50134528;-54.29090223;-20.50084018;-54.29188681
BR-262;Oeste;Meio-Fio;299+843;300+920;1077;-20.50006806;-54.29337865;-20.4954011;-54.30241752
BR-262;Oeste;Meio-Fio;301+614;301+751;137;-20.49450388;-54.30878396;-20.49474854;-54.31005194
BR-262;Oeste;Meio-Fio;301+789;303+778;1989;-20.49482081;-54.31042155;-20.49243092;-54.32813005
BR-262;Oeste;Meio-Fio;303+835;304+226;391;-20.49204449;-54.32847339;-20.48933151;-54.33086944
BR-262;Oeste;Meio-Fio;304+318;304+679;361;-20.48869098;-54.33143563;-20.48618147;-54.33365481
BR-262;Oeste;Meio-Fio;304+773;306+603;1830;-20.48553912;-54;-20.4792217;-54.34929196
BR-262;Oeste;Meio-Fio;307+488;307+848;360;-20.48280022;-54.35771344;-20.47778745;-54.36112404
BR-262;Oeste;Meio-Fio;307+859;308+405;546;-20.47777582;-54.36122117;-20.47716351;-54.3664211
BR-262;Oeste;Meio-Fio;308+416;308+918;502;-20.47712387;-54.36652253;-20.47654465;-54.37129416
BR-262;Oeste;Meio-Fio;308+929;309+942;1013;-20.47653192;-54.37139749;-20.4753534;-54.38099462
BR-262;Oeste;Meio-Fio;309+996;310+441;445;-20.47528955;-54.38151648;-20.47477002;-54.38574432
BR-262;Oeste;Meio-Fio;310+601;310+736;135;-20.47458786;-54.38725589;-20.47443486;-54.38853524
BR-262;Oeste;Meio-Fio;310+763;310+827;64;-20.47440135;-54.38880127;-20.47432744;-54.38940702
BR-262;Oeste;Meio-Fio;310+838;311+155;317;-20.4743134;-54.3895219;-20.47394555;-54.39253947
BR-262;Oeste;Meio-Fio;311+172;311+926;754;-20.47392656;-54.39269738;-20.47306638;-54.39983425
BR-262;Oeste;Meio-Fio;312+396;312+698;302;-20.47287592;-54.4043304;-20.47276998;-54.40721473
BR-262;Oeste;Meio-Fio;313+210;313+510;300;-20.47258816;-54.41211386;-20.47247491;-54.41498743
BR-262;Oeste;Meio-Fio;315+812;315+843;31;-20.47163344;-54.43701888;-20.47162282;-54.43731529
BR-262;Oeste;Meio-Fio;319+101;319+256;155;-20.47042359;-54.46848118;-20.47036455;-54.469992
BR-262;Oeste;Meio-Fio;320+363;321+531;1168;-20.4699587;-54.48057872;-20.46952234;-54.49174073
BR-262;Oeste;Meio-Fio;322+026;323+414;1388;-20.46933484;-54.49647952;-20.46881961;-54.50992706
BR-262;Oeste;Meio-Fio;324+010;324+697;687;-20.46859904;-54.51562528;-20.4683113;-54.52218791
BR-262;Oeste;Meio-Fio;328+157;328+257;100;-20.4640406;-54.55454471;-20.46382536;-54.55547219
BR-267;Oeste;Meio-Fio;;11+884;244;-21,72531146;-52,25000138;-21,72531228;-52,2523629
BR-267;Oeste;Meio-Fio;;54+955;182;-21,83020508;-52,62379050;-21,83054768;-52,62549566
BR-267;Oeste;Meio-Fio;;229+708;205;-21,53185394;-54,21572567;-21,53074658;-54,21732072
BR-267;Leste;Meio-Fio;0+000;30+449;5;-21,72000669;-52,42583270;-21,72114751;-52,43091890
BR-267;Oeste;Meio-Fio;2+651;3+164;513;-21,76203791;-52,17326562;-21,75894442;-52,1769544
BR-267;Leste;Meio-Fio;3+030;3+169;139;-21,75976633;-52,17600721;-21,75892305;-52,17701247
BR-267;Oeste;Meio-Fio;3+391;3+747;356;-21,75758271;-52,17857555;-21,75544112;-52,18114742
BR-267;Oeste;Meio-Fio;11+376;11+634;258;-21,72545556;-52,24745009;-21,72531126;-52,24995319
BR-267;Oeste;Meio-Fio;11+900;11+974;74;-21,72531474;-52,25251959;-21,72531800;-52,25326062
BR-267;Oeste;Meio-Fio;11+974;12+126;152;-21,72531800;-52,25326062;;
BR-267;Leste;Meio-Fio;12+038;12+149;111;-21,72533050;-52,25389802;-21,72533332;-52,25497626
BR-267;Oeste;Meio-Fio;12+131;12+500;369;-21,72531945;-52,25474038;-21,72521873;-52,25829431
BR-267;Leste;Meio-Fio;12+252;12+386;134;-21,72534417;-52,25596998;-21,72549211;
BR-267;Oeste;Meio-Fio;12+268;12+399;131;-2172529650;-52,25606794;-21,72514807;-52,25733995
BR-267;Oeste;Meio-Fio;12+431;12+837;;-21,72514621;-52,25763695;-21,72515491;-52,26155791
BR-267;Oeste;Meio-Fio;12+511;12+570;59;-21,72522989;-52,25840042;-21,72527164;-52,25897510
BR-267;Oeste;Meio-Fio;12+586;12+633;47;-21,72527818;-52,25914513;-21,72528070;-52,25958590
BR-267;Oeste;Meio-Fio;12+644;13+664;1020;-21,72527908;-52,25969523;-21,72531631;-52,26956353
BR-267;;DP - CONCRETO;12+708;12+708;;21433133S;;52153976W;
BR-267;Oeste;Meio-Fio;12+860;14+071;1211;-21,72516979;-52,26178949;-21,72516615;-52,27350074
BR-267;Oeste;Meio-Fio;13+680;13+949;269;-21,72531629;-52,26971871;-21,72526496;-52,27230128
BR-267;Oeste;Meio-Fio;13+970;14+007;37;-21,72523765;-52,27251705;-21,72520346;-52,27285408
BR-267;Oeste;Meio-Fio;14+023;14+045;22;-21,7251899;-52,27301899;-21,72517726;-52,27322145
BR-267;Oeste;Meio-Fio;14+050;14+560;510;-21,72517427;-52,27327776;-21,72535324;-52,278198050
BR-267;Oeste;Meio-Fio;14+093;14+259;166;-21,72516560;-52,27369504;-21,72533344;-52,27531499
BR-267;;DP - CONCRETO;14+852;14+852;;21433163S;;52165435W;
BR-267;Oeste;Meio-Fio;16+141;16+168;27;-21,72571479;-52,29350709;-21,72571904;-52,29373840
BR-267;Oeste;Descida d'água;16+414;;;-21,72577557;-52,29610570;;
BR-267;Oeste;Meio-Fio;18+034;18+086;52;-21,72614978;-52,31179334;-21,72614098;-52,31229270
BR-267;Oeste;Meio-Fio;18+106;18+172;;-21,72600000;-52,31248967;-21,72613141;-52,31312664
BR-267;Leste;Meio-Fio;18+107;18+170;;-21,72622632;-52,31250103;-21,72624713;-52,31310233
BR-267;Oeste;Meio-Fio;18+182;18+192;;-21,72613345;-52,31322548;-21,72613471;-52,31332501
BR-267;Oeste;Meio-Fio;18+203;18+213;10;-21,72613741;-52,31342212;-21,72614044;-52,31352086
BR-267;Oeste;Meio-Fio;18+223;18+290;67;-21,72614330;-52,31361585;-21,72616672;-52,31426499
BR-267;Oeste;Meio-Fio;18+831;18+978;147;-27,72633393;-52,31947276;-21,72636660;-52,32090249
BR-267;Oeste;Meio-Fio;19+489;19+594;105;-21,72648117;-52,72648117;-21,72650635;-52,72650635
BR-267;Leste;Meio-Fio;21+147;21+336;189;-21,72687644;-52,34189010;-21,72692106;-52,34370626
BR-267;Oeste;Meio-Fio;21+161;21+276;115;-21,72685833;-52,34199086;-21,72688567;-52,34309772
BR-267;Oeste;Meio-Fio;21+308;21+360;52;-21,72689368;-52,34340884;;-52,72690735
BR-267;Oeste;Meio-Fio;21+780;21+822;122;-21,72700945;-52,34795685;-21,72701914;-52,34837000
BR-267;Oeste;Meio-Fio;21+998;22+040;42;-21,72706334;-52,35008942;-21,72707132;-52,35045837
BR-267;Oeste;Meio-Fio;23+360;23+533;173;-21,72727436;-52,36317534;-21,72708017;-52,36490095
BR-267;Oeste;Meio-Fio;23+936;24+901;965;-21,72658988;-52,36875032;-21,72540750;-52,37798185
BR-267;Oeste;Meio-Fio;26+522;26+561;;-21,72343213;-52,39351898;-21,7338559;-52,39387990
BR-267;;DP - CONCRETO;26+745;26+745;;21432306S;;52234710W;
BR-267;;DP - CONCRETO;26+770;26+770;;21432302S;;52234790W;
BR-267;Oeste;Meio-Fio;27+179;27+218;;-21,72263683;-52,39981245;-21,72259168;-52,40017038
BR-267;Oeste;Meio-Fio;27+282;27+470;188;-21,72251448;-52,40079058;-21,72228535;-52,40259690
BR-267;;DP - CONCRETO;27+370;27+370;;21432034S;;5224865W;
BR-267;Oeste;Meio-Fio;27+856;28+565;291;-21,72181192;-52,40629221;-21,72083882;-52,41305111
BR-267;Leste;Meio-Fio;27+873;28+577;704;-21,72184546;52,40634450;-21,72111865;-52,41309389
BR-267;Oeste;Meio-Fio;27+935;;396;-21,72171713;-52,40704464;-21,72087054;-52,41280150
BR-267;Oeste;Meio-Fio;28+576;28815+000;239;-21,72082710;-52,41315467;-21,72054143;-52,41544188
BR-267;Oeste;Meio-Fio;28+581;28+967;386;-21,72082076;-52,41320973;-21,72042718;-52,41691359
BR-267;Oeste;Meio-Fio;28+830;28+872;42;-21,72052019;-52,41560093;-21,72047002;-52,41598618
BR-267;Oeste;Meio-Fio;28+888;29518+000;630;-21,72045215;-52,41615099;-21,71972418;-52,42217421
BR-267;Oeste;Meio-Fio;28+993;29+175;182;-21,72042181;-52,41716310;-21,72022920;
BR-267;Oeste;Meio-Fio;29+175;29+665;;-21,72022920;-52,41891444;-21,71964877;-52,423605360
BR-267;Oeste;Meio-Fio;29+534;29+576;42;-21,71970338;-52,42232560;-21,71966891;-52,42274923
BR-267;Leste;Meio-Fio;29+543;29+591;;-21,71998143;-52,42234466;-21,71995233;-52,42280443
BR-267;Oeste;Meio-Fio;29+592;29+817;225;-21,71966301;-52,42289998;-21,71967087;-52,42505555
BR-267;Oeste;Meio-Fio;29+681;29+729;;-21,71964720;-52,42375858;-21,71964935;-52,42422084
BR-267;Oeste;Meio-Fio;29+740;29+915;175;-21,71965068;-52,42431467;-21,71976392;-52,42600841
BR-267;Oeste;Meio-Fio;29+833;29+888;55;-21,71967916;-52,42521455;-21,71972333;-52,42575382
BR-267;Oeste;Meio-Fio;29+899;30+450;551;-21,71973676;-52,42584964;-21,72091404;-52,43102375
BR-267;Oeste;Meio-Fio;29+943;;122;-21,71981767;-52,42627573;-21,72005640;-52,42741795
BR-267;Oeste;Meio-Fio;30+097;30+238;141;-21,72011457;-52,42772788;-21,72038438;-52,42905201
BR-267;Oeste;Meio-Fio;30+265;30+360;95;-21,72044232;-52,42930359;-21,72069596;-52,43018712
BR-267;Oeste;Meio-Fio;30+375;30+857;482;-21,72073260;-52,43032997;-21,72266292;-52,43442466
BR-267;Oeste;Meio-Fio;30+467;30+805;338;-21,72093924;;;-52,43398962
BR-267;Leste;Meio-Fio;31+237;31+874;637;-21,72451667;-52,43759561;-21,72753663;-52,44285934
BR-267;Oeste;Meio-Fio;31+397;31+474;7;-21,72520939;-52,43885335;-21,72557321;-52,43949527
BR-267;Oeste;Meio-Fio;31+615;32+015;;-21,72623608;;;-52,44394299
BR-267;Oeste;Meio-Fio;32+038;32+465;427;-21,72823560;;;
BR-267;;DP - CONCRETO;32+350;32+350;;21435786S;;5227683W;
BR-267;Oeste;Meio-Fio;33+866;34+035;169;-21,73687530;-52,45918460;-21,73767778;-52,46057076
BR-267;Oeste;Meio-Fio;34+313;34+899;586;-21,73899834;-52,46285316;-21,74217974;-52,46735995
BR-267;;DP - CONCRETO;34+338;34+338;;21443404S;;5228386W;
BR-267;Oeste;Meio-Fio;34+748;34+949;201;-21,74136214;-52,46619076;;
BR-267;Oeste;Meio-Fio;34+910;35+078;168;-21,74225376;-52,46744813;-21,74328386;-52,46862751
BR-267;Oeste;Meio-Fio;34+971;36+111;;-21,74262494;-52,46787342;-21,74967464;
BR-267;Oeste;Meio-Fio;35+115;35+851;736;-21,74351282;-52,46888886;-21,74807430;-52,474085960
BR-267;Oeste;Meio-Fio;35+862;35+888;26;;;;-21,74829499_-52,47433816
BR-267;Oeste;Meio-Fio;35+898;36+375;523;;;-21,75141511;-52,47762469
BR-267;Oeste;Meio-Fio;36+126;36+294;168;-21,74977148;-52,47602172;;
BR-267;;DP - CONCRETO;36+440;36+440;;21454322S;;52292250W;
BR-267;;DP - CONCRETO;36+480;36+480;;21454409S;;52292342W;
BR-267;Oeste;Meio-Fio;37+264;37+304;;-21,75691079;-52,48388411;;
BR-267;Oeste;Meio-Fio;37+625;37+917;292;-21,75915670;-52,48642719;-21,76095920;-52,488467180
BR-267;;DP - CONCRETO;39+020;39+020;;21461827S;;5230252W;
BR-267;;DP - CONCRETO;39+225;39+225;;21462300S;;5230775W;
BR-267;Oeste;Meio-Fio;39+556;39+780;224;-21,77110549;;;
BR-267;;DP - CONCRETO;41+570;41+570;;21472404S;;52305706W;
BR-267;;DP - CONCRETO;44+090;44+090;;21482956S;;52314936W;
BR-267;;DP - CONCRETO;50+865;50+865;;21492590S;;52353412W;
BR-267;;DP - CONCRETO;50+890;50+890;;21492602S;;52353496W;
BR-267;;DP - CONCRETO;51+790;51+790;;21493226S;;5236574W;
BR-267;;DP - CONCRETO;52+000;52+000;;2182539S;;5260014W;
BR-267;;DP - CONCRETO;54+500;54+500;;2183000S;;5262459W;
BR-267;;DP - CONCRETO;58+105;58+105;;21501612S;;52394055W;
BR-267;;DP - CONCRETO;60+100;60+100;;21502986S;;52404849W;
BR-267;;DP - CONCRETO;62+860;62+860;;21504935S;;52422251W;
BR-267;;DP - CONCRETO;66+540;66+540;;21511418S;;52442770W;
BR-267;;DP - CONCRETO;70+115;70+115;;21513860S;;52462928W;
BR-267;;DP - CONCRETO;70+205;70+205;;21513922S;;52463242W;
BR-267;;DP - CONCRETO;81+770;81+770;;21523685S;;5253630W;
BR-267;;DP - CONCRETO;87+100;87+100;;21515769S;;5256718W;
BR-267;;DP - CONCRETO;88+805;88+805;;21515240S;;52563100W;
BR-267;;DP - CONCRETO;88+895;88+895;;21514452S;;5257799W;
BR-267;;DP - CONCRETO;94+530;94+530;;21512768S;;53 02001W;
BR-267;;DP - CONCRETO;95+230;95+230;;21512657S;;53 04419W;
BR-267;;DP - CONCRETO;96+500;96+500;;21512213S;;53 12805W;
BR-267;;DP - CONCRETO;98+103;98+103;;2151498S;;53 21952W;
BR-267;;DP - CONCRETO;100+215;100+215;;21502462S;;53 35767W;
BR-267;;DP - CONCRETO;106+195;106+195;;21492656S;;53 63911W;
BR-267;;DP - CONCRETO;112+280;112+280;;21474583S;;53 94150W;
BR-267;;DP - CONCRETO;112+753;112+753;;21473804S;;53 95569W;
BR-267;;DP - CONCRETO;113+517;113+517;;21472516S;;53101847W;
BR-267;;DP - CONCRETO;113+525;113+525;;21472506S;;53101868W;
BR-267;;DP - CONCRETO;120+463;120+463;;21453953S;;53135139W;
BR-267;;DP - CONCRETO;122+040;122+040;;21452949S;;53144426W;
BR-267;Leste;Meio-Fio;124+246;124+356;110;-21,75690314;-53,26087632;-21,75658770;-53,26173767
BR-267;Oeste;Meio-Fio;124+440;124+963;523;-21,75583889;-53,26227907;-21,75345714;-53,26658267
BR-267;Oeste;Meio-Fio;124+445;124+910;;-21,75583816;-53,26232858;-21,75375901;-53,26618368
BR-267;Oeste;Meio-Fio;124+925;125+139;214;-21,75366681;-53,26629951;-21,75266936;-53,26806185
BR-267;Oeste;Meio-Fio;124+973;129+033;4.060;-21,75340271;-53,26666188;-21,73493790;-53,30055214
BR-267;Oeste;Meio-Fio;125+155;125+372;217;-21,75261524;-53,26820896;-21,75175052;-53,27008487
BR-267;;DP - CONCRETO;125+260;125+260;;21445810S;;53162740W;
BR-267;Oeste;Meio-Fio;129+043;129+203;160;-21,73488505;-53,30062883;-21,73412798;-53,301949240
BR-267;Oeste;Meio-Fio;129+256;129+287;31;-21,73392076;-53,30240674;-21,73378288;-53,30266743
BR-267;Oeste;Meio-Fio;129+298;129+773;475;-21,73373238;-53,30275882;-21,73156455;-53,30670052
BR-267;Oeste;Meio-Fio;129+860;130+271;41;-21,73116150;-53,30743586;-21,72928015;-53,31085803
BR-267;Oeste;Meio-Fio;130+288;130+629;341;-21,72920504;-53,31099514;-21,72763844;-53,31383718
BR-267;Oeste;Meio-Fio;130+656;131+938;1.282;-21,72751211;-53,31406627;-21,7216533;-53,324724190
BR-267;Oeste;Meio-Fio;132+113;133+357;1.244;-21,72084862;-53,32619154;-21,71515586;-53,33654289
BR-267;Oeste;Meio-Fio;133+479;134+532;1.053;-21,71459221;-53,33756544;-21,70976775;-53,34634713
BR-267;Oeste;Meio-Fio;134+559;134+581;22;-21,70964822;-53,34656839;-21,70954708;-53,34675524
BR-267;Oeste;Meio-Fio;134+592;139+772;5.180;-21,70950092;-53,34684002;-21,68587459;-53,39026041
BR-267;Oeste;Meio-Fio;139+800;140+846;1.046;-21,68575046;-53,39049069;-21,68102240;-53,39924780
BR-267;Oeste;Meio-Fio;141+014;141+089;75;-21,68026818;-53,40063593;-21,67992476;-53,40127201
BR-267;Leste;Meio-Fio;141+018;141+089;1;-21,68027494;-53,40062964;-21,67996278;-53,40121050
BR-267;Oeste;Meio-Fio;141+283;143+598;2.315;-21,67904537;-53,40290175;-21,66901984;-53,42249552
BR-267;Oeste;Meio-Fio;143+619;147+159;3.540;-21,66892619;-53,42268043;-21,65324207;-53,45240737
BR-267;Oeste;Meio-Fio;147+181;149+552;2.371;-21,65314628;-53,45258599;-21,64490672;-53,47341507
BR-267;Oeste;Meio-Fio;149+563;151+148;1.585,;-21,64489298;-53,47350524;-21,64260401;-53,48861143
BR-267;Oeste;Meio-Fio;151+187;153+385;2.198;-21,64254988;-53,48897866;-21,63977008;-53,50998108
BR-267;;DP - CONCRETO;152+465;152+465;;21382398S;;53302560W;
BR-267;Oeste;Meio-Fio;153+407;154+903;;-21,63975170;-53,51019040;-21,63836005;-53,52456613
BR-267;Oeste;Meio-Fio;154+932;156+308;1376;-21,63832912;-53,52483343;-21,63674683;-53,53801067
BR-267;Oeste;Meio-Fio;156+330;156+724;;-21,63672320;-53,53821464;-21,63627271;-53,54198558
BR-267;Oeste;Meio-Fio;156+756;157+651;;-21,63623544;-53,54229383;-21,63521259;-53,55086334
BR-267;;DP - CONCRETO;156+780;156+780;;2138373S;;53332898W;
BR-267;Oeste;Meio-Fio;157+795;158+584;7389;-21,63505406;-53,55222832;-21,63415099;-53,55977212
BR-267;Oeste;Meio-Fio;160+545;161+554;1.009;-21,63203399;-53,57858906;-21,63096128;-53,58825411
BR-267;Oeste;Meio-Fio;161+577;164+489;2.912;-21,63093582;-53,58846355;-21,62763447;-53,61634252
BR-267;Oeste;Meio-Fio;164+506;167+105;2.599;-21,62761555;-53,61649924;-21,62469478;-53,64134218
BR-267;Oeste;Meio-Fio;167+128;167+221;93;-21,62467103;-53,64154727;-21,62456848;-53,64245433
BR-267;Oeste;Meio-Fio;167+238;168+442;1.204;-21,62454919;-53,64261962;-21,62319174;-53,65414071
BR-267;Oeste;Meio-Fio;168+459;168+524;;-21,62317333;-53,65429931;-21,62309902;-53,65492176
BR-267;Oeste;Meio-Fio;168+540;171+384;2.844;-21,62308033;-53,65507930;-21,61915729;-53,68215641
BR-267;Oeste;Meio-Fio;171+400;171+982;582;-21,61913464;-53,68231237;-21,61829448;-53,68786293
BR-267;Oeste;Meio-Fio;171+992;172+979;987;-21,61827921;-53,68796718;-21,61715369;-53,69738372
BR-267;Oeste;Meio-Fio;173+001;175+308;2.307;-21,61712876;-53,69760298;-21,61452494;-53,71967131
BR-267;;DP - CONCRETO;174+145;174+145;;21365440S;;53425283W;
BR-267;Oeste;Meio-Fio;175+330;176+185;855;-21,61449989;-53,71987748;-21,61353308;-53,72804752
BR-267;Oeste;Meio-Fio;176+207;176+358;151;-21,61350887;-53,72824599;-21,61333603;-53,72969099
BR-267;Oeste;Meio-Fio;176+380;176+909;529;-21,61330952;-53,72991105;-21,61269972;-53,73496665
BR-267;Oeste;Meio-Fio;176+929;178+127;1.198;-21,61267724;-53,73515736;-21,61129592;-53,74660861
BR-267;Oeste;Meio-Fio;178+150;178+883;733;-21,61126736;-53,74683895;-21,61041994;-53,75383865
BR-267;;DP - CONCRETO;178+755;178+755;;21363521S;;53453178W;
BR-267;Oeste;Meio-Fio;178+909;179+581;672;-21,61039007;-53,75408855;-21,60961440;-53,76049870
BR-267;Oeste;Meio-Fio;179+635;179+651;;-21,60954965;-53,76102081;-21,60953119;-53,76117440
BR-267;Oeste;Meio-Fio;179+673;179+843;170;-21,60950626;-53,76137316;-21,60931336;-53,76300088
BR-267;Oeste;Meio-Fio;179+867;180+720;;-21,60928393;-53,76324136;-21,60828970;-53,77139411
BR-267;;DP - CONCRETO;179+880;179+880;;21371342S;;53402609W;
BR-267;Oeste;Meio-Fio;180+646;180+720;74;-21,60837240;-53,77069882;-21,60828970;-53,77139411
BR-267;Oeste;Meio-Fio;180+759;181+949;1.190;-21,60824200;-53,77178658;-21,60686118;-53,78315718
BR-267;Oeste;Meio-Fio;181+972;182+137;165;-21,60683608;-53,78336670;-21,60664342;
BR-267;Oeste;Meio-Fio;182+154;182+737;;-21,60662455;-53,78511684;-21,60595350;-53,79068413
BR-267;Oeste;Meio-Fio;182+753;182+854;101;-21,60593185;-53,79085847;-21,60581233;-53,79181401
BR-267;Oeste;Meio-Fio;182+907;183+060;153;-21,60575328;-53,79233303;;-53,79377839
BR-267;Oeste;Meio-Fio;183+081;183+484;;-21,60559533;-53,79399824;-21,60524772;-53,79787389
BR-267;Leste;Meio-Fio;183+125;183+540;;-21,60561621;-53,79410239;-21,60525260;53,79810985
BR-267;Oeste;Meio-Fio;183+511;183+543;32;-21,60522605;-53,79811664;-21,60519707;-53,79842307
BR-267;Oeste;Meio-Fio;183+559;183+569;10;-21,60518296;-53,79857560;-21,60517298;-53,79868449
BR-267;Oeste;Meio-Fio;183+606;183+801;195;-21,60514099;-53,79903183;-21,60498030;-53,80090611
BR-267;Oeste;Meio-Fio;183+910;183+987;7;-21,60488630;-53,80195075;-21,60481795;-53,80269290
BR-267;Oeste;Meio-Fio;184+019;184+124;105;-21,60479152;-53,80298768;-21,60469864;-53,80401156
BR-267;Oeste;Meio-Fio;184+233;184+255;22;-21,60460059;-53,80505311;-21,60458228;-53,80526287
BR-267;Oeste;Meio-Fio;184+281;184+307;26;-21,60456175;-53,80549456;-21,60454026;-53,80574837
BR-267;Oeste;Meio-Fio;184+338;185+026;688;-21,60451486;-53,80604563;-21,60391816;-53,81266137
BR-267;Oeste;Meio-Fio;185+049;186+410;1361;-21,60389547;-53,81287761;-21,60273893;-53,82593421
BR-267;Leste;Meio-Fio;186+245;186+292;47;-21,60293553;-53,82404576;-21,60289497;-53,82449629
BR-267;;DP - CONCRETO;186+300;186+300;;2136519S;;53502686W;
BR-267;Oeste;Meio-Fio;186+436;187+012;576;-21,60271705;-53,82617784;-21,60222482;-53,83169424
BR-267;;DP - CONCRETO;186+500;186+500;;2136454S;;53503394W;
BR-267;Oeste;Meio-Fio;187+066;187+269;203;-21,60217501;-53,83221885;-21,60199996;-53,83416419
BR-267;Oeste;Meio-Fio;187+291;187+404;113;-21,60198215;-53,83437126;-21,60188780;-53,83545951
BR-267;Oeste;Meio-Fio;187+441;187+515;74;-21,60185602;-53,83581790;-21,60178955;-53,83653101
BR-267;Leste;Meio-Fio;187+468;187+553;85;-21,60188253;-53,83578716;-21,60180514;-53,83658643
BR-267;Oeste;Meio-Fio;187+755;187+852;97;-21,60158454;-53,83882603;-21,60159905;-53,83976710
BR-267;Oeste;Meio-Fio;187+899;187+988;;-21,60145777;-53,84019880;-21,60138337;-53,81406626
BR-267;Oeste;Meio-Fio;188+025;188+165;;-21,60135399;-53,84142575;-21,60123196;-53,84274295
BR-267;Oeste;Meio-Fio;188+264;188+309;45;-21,60114736;-53,84370263;-21,60110875;-53,84413045
BR-267;Oeste;Meio-Fio;188+348;188+493;;-21,60107672;-53,84450160;-21,60095059;-53,84589737
BR-267;Oeste;Meio-Fio;188+515;188+570;55;-21,60093180;-53,84611711;-21,60088793;-53,84662951
BR-267;Oeste;Meio-Fio;188+637;188+675;;-21,60082507;-53,84728763;-21,60079446;-53,84764298
BR-267;Oeste;Meio-Fio;188+702;188+944;242;-21,60077018;-53,84790063;-21,60056217;-53,85022647
BR-267;;DP - CONCRETO;188+820;188+820;;2136061S;;53511952W;
BR-267;Oeste;Meio-Fio;188+972;189+094;122;-21,60053907;-53,85049049;;-53,85165642
BR-267;Oeste;Meio-Fio;189+116;189+282;;-21,60041612;-53,85186940;-21,60027807;-53,85346425
BR-267;Oeste;Meio-Fio;189+377;189+514;137;-21,60019117;-53,85438272;-21,60007015;-53,85568794
BR-267;Oeste;Meio-Fio;189+589;189+645;;-21,60000936;-53,85640552;;-53,85694900
BR-267;Oeste;Meio-Fio;189+667;189+728;61;-21,59994193;-53,85715769;-21,59988771;-53,85774950
BR-267;Oeste;Meio-Fio;189+784;190+679;;-21,59984214;-53,85827656;-21,59908201;-53,86687407
BR-267;Leste;Meio-Fio;189+833;189+885;52;-21,59986107;-53,85848312;-21,59980809;-53,85897441
BR-267;Oeste;Meio-Fio;190+717;191+555;838;-21,59905046;-53,86723923;-21,59833815;-53,87529259
BR-267;;DP - CONCRETO;191+305;191+305;;21355274S;;53524662W;
BR-267;Oeste;Meio-Fio;191+572;194+010;2.438;-21,59832332;-53,87545130;-53,89792935;-53,89792935
BR-267;Leste;Meio-Fio;192+363;194+388;2;-21,59770903;-53,88276549;-21,59183005;-53,90093608
BR-267;Oeste;Meio-Fio;194+030;194+645;615;-21,59317794;-53,89810650;-21,59077610;
BR-267;Oeste;Meio-Fio;194+667;196+318;1.651;-21,59068708;-53,90327016;-21,58477259;-53,91767787
BR-267;;DP - CONCRETO;202+200;202+200;;21352149S;;53585310W;
BR-267;;DP - CONCRETO;215+660;215+660;;21345914S;;54 62952W;
BR-267;;DP - CONCRETO;218+080;218+080;;2134203S;;54 72683W;
BR-267;;DP - CONCRETO;222+810;222+810;;21322744S;;54 93613W;
BR-267;;DP - CONCRETO;230+990;230+990;;21311011S;;5414138W;
BR-267;;DP - CONCRETO;246+228;246+228;;21283321S;;5422636W;
MS-040;Oeste;Meio-Fio;0+160;0+140;20;-20,55452181;-54,55575324;-20,55448669;-54,55593608
MS-040;;DP - CONCRETO;0+200;0+200;;;;;
MS-040;Leste;Meio-Fio;0+207;0+269;62;-20,55501559;-54,55584558;-20,55539274;-54,55540692
MS-040;Leste;Meio-Fio;0+217;0+243;26;-20,5512458;-54,55574963;-20,5527695;-54,55557105
MS-040;Leste;Meio-Fio;0+258;0+290;32;-20,5553302;-54,55548705;-20,55553401;-54,55528098
MS-040;Oeste;Meio-Fio;0+321;0+171;150;-20,55583917;-54,55510469;-20,55458686;-54,55568427
MS-040;Leste;Meio-Fio;2+373;3+370;997;-20,57258755;-54,5495253;-20,57340804;-54,54821098
MS-040;;DP - CONCRETO;2+500;2+500;;;;;
MS-040;Oeste;Meio-Fio;2+592;1+943;649;-20,57371008;-54,54770760;-20,56971293;-54,55178454
MS-040;Oeste;Meio-Fio;3+351;2+608;743;-20,57869687;-54,54276694;-20,57379342;-54,54757399
MS-040;Leste;Meio-Fio;4+091;4+151;60;-20,58497618;-54,54076708;-20,58552368;-54,54068747
MS-040;Oeste;Meio-Fio;4+186;4+047;139;-20,58586896;-54,54058165;-20,5846286;-54,54077609
MS-040;Leste;Meio-Fio;4+212;4+372;160;-20,58604727;-54,54055359;-20,58740691;-54,54004719
MS-040;Oeste;Meio-Fio;4+307;4+217;90;-20,58689603;-54,54022245;-20,58613403;-54,54050145
MS-040;Leste;Meio-Fio;4+372;4+523;151;-20,58740691;-54,54004719;-20,588685;-54,53954581
MS-040;Leste;Meio-Fio;4+528;4+585;57;-20,58873995;-54,53952486;-20,5892089;-54,53934246
MS-040;Leste;Meio-Fio;4+596;4+646;50;-20,58931624;-54,5393006;-20,58972292;-54,53914188
MS-040;Oeste;Meio-Fio;4+649;4+317;332;-20,58980065;-54,53909145;-20,58698483;-54,54018837
MS-040;Leste;Meio-Fio;6+656;6+666;10;-20,60673335;-54,53247592;-20,60681539;-54,53244167
MS-040;Leste;Meio-Fio;7+481;7+745;264;-20,61367254;-54,2960717;-20,61590271;-54,2874437
MS-040;;DP - CONCRETO;7+727;7+727;;20365754S;;54314339W;
MS-040;Oeste;Meio-Fio;7+746;7+468;278;-20,61594433;-54,52869787;-20,61358549;-54,52960847
MS-040;Leste;Meio-Fio;7+761;7+974;213;-20,61603911;-54,52868774;-20,61783781;-54,52796079
MS-040;Oeste;Meio-Fio;7+864;7+761;103;-20,61694802;-54,52830851;-20,61607823;-54,52864638
MS-040;Oeste;Meio-Fio;7+959;7+869;90;-20,61774100;-54,52797518;-20,61697640;-54,52829709
MS-040;Leste;Meio-Fio;8+003;8+047;44;-20,61806507;-54,52785921;-20,61843841;-54,52769639
MS-040;Oeste;Meio-Fio;8+046;8+004;42;-20,61847184;-54,52765258;-20,61810969;-54,52781138
MS-040;Leste;Meio-Fio;16+045;16+192;147;-20,66925397;-54,47991515;-20,67035307;-54,47907734
MS-040;Oeste;Meio-Fio;16+194;16+047;147;-20,67038481;-54,47903174;-20,66930485;-54,47985249
MS-040;Leste;Meio-Fio;16+208;16+362;154;-20,67047247;-54,4789863;-20,6715975;-54,47813021
MS-040;Oeste;Meio-Fio;16+371;16+210;161;-20,67168319;-54,47804297;-20,67051260;-54,47893497
MS-040;Leste;Meio-Fio;16+455;16+505;50;-20,67228343;-54,4776057;-20,67260702;-54,47735884
MS-040;Leste;Meio-Fio;16+505;16+658;153;-20,67260702;-54,47735884;-20,67378824;-54,47649166
MS-040;Oeste;Meio-Fio;16+573;16+562;11;-20,67316635;-54,47691317;-20,67308745;-54,47697282
MS-040;Oeste;Meio-Fio;16+605;16+583;22;-20,67338847;-54,47674503;-20,67323154;-54,47686321
MS-040;Oeste;Meio-Fio;16+647;16+459;188;-20,67371874;-54,47651096;-20,67232921;-54,47754836
MS-040;Oeste;Meio-Fio;18+608;18+255;353;-20,69040003;-54,47043824;-20,68757712;-54,47200207
MS-040;;DP - CONCRETO;19+550;19+550;;20414414S;;54274989W;
MS-040;Oeste;Meio-Fio;19+995;18+778;1217;-20,69460088;-54,45980469;-20,69175975;-54,46967983
MS-040;Leste;Meio-Fio;20+531;20+928;397;-20,6928208;-54,45511437;-20,691473;-54,451569
MS-040;Oeste;Meio-Fio;21+163;20+329;834;-20,69066738;-54,44940402;-20,69347490;-54,45684202
MS-040;Leste;Meio-Fio;21+894;22+944;1050;-20,68831212;-54,44294906;-20,68521511;-54,43343607
MS-040;;DP - CONCRETO;22+090;22+090;;20411447S;;54262476W;
MS-040;Oeste;Meio-Fio;22+772;21+391;1381;-20,68556506;-54,43496811;-20,68993001;-54,44736852
MS-040;Leste;Meio-Fio;23+295;24+039;744;-20,6846106;-54,43109050;-20,68363283;-54,42303799
MS-040;Leste;Meio-Fio;24+050;25+920;187;-20,68362316;-54,42297028;-20,68099335;-54,40524565
MS-040;Oeste;Meio-Fio;25+471;24+068;1403;-20,68161551;-54,40942518;-20,68358345;-54,42269898
MS-040;Leste;Meio-Fio;25+920;25+931;11;-20,68099335;-54,40524565;-20,68097816;-54,40514192
MS-040;Leste;Meio-Fio;25+953;26+563;610;-20,68094758;-54,40493508;-20,6800819;-54,39913697
MS-040;Oeste;Meio-Fio;26+550;25+685;865;-20,68009163;-54,39920666;-20,68131000;-54,40739009
MS-040;Leste;Meio-Fio;26+878;27+298;420,000;-20,6799142;-54,39613329;-20,68127297;-54,39241539
MS-040;Leste;Meio-Fio;27+346;27+472;126;-20,68149852;-54,39201817;-20,68207823;-54,39099677
MS-040;Leste;Meio-Fio;27+472;27+493;21;-20,68207823;-54,39099677;-20,68218669;-54,39080662
MS-040;Leste;Meio-Fio;27+493;27+680;187;-20,68218669;-54,39080662;-20,68305842;-54,38926964
MS-040;Leste;Meio-Fio;27+874;29+407;1533;-20,68395754;-54,38768632;-20,69108443;-54,37510526
MS-040;Leste;Meio-Fio;29+407;29+412;5;-20,69108443;-54,37510526;-20,6911705;-54,37504833
MS-040;Leste;Meio-Fio;29+412;29+472;60;-20,6911705;-54,37504833;-20,6913972;-54,3745552
MS-040;;DP - CONCRETO;29+470;29+470;;20413044S;;54222563W;
MS-040;Leste;Meio-Fio;29+472;29+493;21;-20,6913972;-54,3745552;-20,69149287;-54,37438582
MS-040;Leste;Meio-Fio;29+493;29+773;280;-20,69149287;-54,37438582;-20,69260887;-54,37241029
MS-040;Leste;Meio-Fio;30+120;30+214;94;-20,69440055;-54,36922920;-20,69483454;-54,6845674
MS-040;Leste;Meio-Fio;30+214;30+230;16;-20,69483454;-54,6845674;-20,69490698;-54,36832694
MS-040;Leste;Meio-Fio;30+230;31+166;936;-20,69490698;-54,36832694;-20,69923409;-54,36065154
MS-040;Leste;Meio-Fio;31+227;31+244;;-20,69951394;-54,36011667;-20,69959412;-54,35997515
MS-040;Leste;Meio-Fio;31+753;32+052;299;-20,70083619;-54,35535484;-20,7006427;-54,35249429
MS-040;Leste;Meio-Fio;32+108;32+135;27;-20,70060165;-54,35195876;-20,70058159;-54,35171142
MS-040;Leste;Meio-Fio;32+146;32+887;741;-20,70057326;-54,35160815;-20,70003159;-54,34451204
MS-040;Leste;Meio-Fio;32+403;32+590;187;-20,70038399;-54,34912546;-20,70024697;-54,3473429
MS-040;Leste;Meio-Fio;32+606;32+958;352;-20,7002358;-54,34719077;-20,69998194;-54,34384305
MS-040;Leste;Meio-Fio;32+936;34+814;1878;-20,69997728;-54,34377612;-20,69852939;-54,32606494
MS-040;Leste;Meio-Fio;34+828;35+054;;-20,69851935;-54,32595298;-20,69833893;-54,32380989
MS-040;Leste;Meio-Fio;35+076;35+607;531;-20,69832045;-54,32358322;-20,6978893;-54,31850905
MS-040;Leste;Meio-Fio;35+607;35+613;6;-20,6978893;-54,31850905;-20,69788551;-54,31846669
MS-040;Leste;Meio-Fio;35+613;36+001;388;-20,6978893;-54,31850905;-20,69757046;-54,31475498
MS-040;Leste;Meio-Fio;36+001;36+013;;-20,69757046;-54,31475498;-20,69755862;-54,31462034
MS-040;Leste;Meio-Fio;36+013;36+045;;-20,69755862;-54,31462034;-20,69753664;-54,31435236
MS-040;Leste;Meio-Fio;36+323;36+924;601;-20,69730825;-54,31166943;-20,69681945;-54,30592824
MS-040;Leste;Meio-Fio;37+807;38+040;233;-20,69610014;-54,29749956;-20,69591107;-54,29526432
MS-040;Leste;Meio-Fio;38+065;38+159;94;-20,69580956;-54,29501161;-20,69581548;-54,2941264
MS-040;Leste;Meio-Fio;38+159;38+180;21;-20,69581548;-54,2941264;-20,69579602;-54,29391385
MS-040;Leste;Meio-Fio;38+180;38+271;91;-20,69579602;-54,29391385;-20,6957211;-54,29304818
MS-040;Leste;Meio-Fio;38+276;38+683;407;-20,69571753;-54,29300426;-20,69538854;-54,28913238
MS-040;;DP - CONCRETO;38+487;38+487;;20414367S;;54172417W;
MS-040;Leste;Meio-Fio;38+934;40+644;1710,000;-20,6949067;-54,28678664;-20,69082565;-54,27121287
MS-040;Leste;Meio-Fio;40+660;43+054;2394;-20,69087646;-54,27107490;-20,70099853;-54,2507945
MS-040;;DP - CONCRETO;42+202;42+202;;20415229S;;54152551W;
MS-040;Leste;Meio-Fio;43+054;43+075;21;-20,70099853;-54,25079450;-20,70108524;-54,25062242
MS-040;Leste;Meio-Fio;43+075;44+025;950;-20,70108524;-54,25062242;-20,70512024;-54,24256392
MS-040;Leste;Meio-Fio;44+047;44+602;555;-20,70520697;-54,24239594;-20,70772587;-54,23778861
MS-040;Leste;Meio-Fio;44+602;44+809;207;-20,70772587;-54,23778861;-20,70883691;-54,23620053
MS-040;Leste;Meio-Fio;47+653;47+930;277;-20,72413508;-54,21429945;-20,72562271;-54,21217037
MS-040;Leste;Meio-Fio;48+291;50+888;2597;-20,72757449;-54,20937564;-20,74323358;-54,1911351
MS-040;Leste;Meio-Fio;48+341;48+870;529;-20,72783289;-54,20900521;-20,73067658;-54,20492581
MS-040;Leste;Meio-Fio;48+898;50+888;1990;-20,73082663;-54,20471400;-20,74323358;-54,1911351
MS-040;;DP - CONCRETO;49+765;49+765;;2044997S;;54114997W;
MS-040;;DP - CONCRETO;50+491;50+491;;20442791S;;54113413W;
MS-040;Leste;Meio-Fio;51+212;52+210;998;-20,74559353;-54,18930621;-20,75302963;-54,18398244
MS-040;Leste;Meio-Fio;52+852;52+874;22;-20,75845119;-54,18180025;-20,75862659;-54,18172931
MS-040;Leste;Meio-Fio;52+874;53+533;659;-20,7562659;-54,18172931;-20,76420197;-54,17947986
MS-040;Leste;Meio-Fio;53+544;53+672;128;-20,76429431;-54,17944223;-20,76536936;-54,1790116
MS-040;Leste;Meio-Fio;53+970;54+331;361;-20,76787546;-54,17799968;-20,7709268;-54,17676846
MS-040;;DP - CONCRETO;54+092;54+092;;20461119S;;54103804W;
MS-040;Leste;Meio-Fio;55+156;55+282;126;-20,77788699;-54,17396574;-20,77894397;-54,17353997
MS-040;Leste;Meio-Fio;55+282;55+287;5;-20,77894397;-54,17353997;-20,77899729;-54,17351849
MS-040;Leste;Meio-Fio;55+287;55+427;140;-20,77899729;-54,17351849;-20,78016207;-54,17304556
MS-040;Leste;Meio-Fio;55+448;55+879;431;-20,78034318;-54,17297129;-20,78398167;-54,17150967
MS-040;Leste;Meio-Fio;56+655;57+315;660;-20,79054671;-54,16887989;-20,7613206;-54,16672028
MS-040;Leste;Meio-Fio;57+326;58+418;1092;-20,79622515;-54,16668487;-20,8055214;-54,16320513
MS-040;Leste;Meio-Fio;58+578;58+993;415;-20,8068962;-54,16269551;-20,8104176;-54,16137864
MS-040;Leste;Meio-Fio;58+990;59+240;250;-20,81047714;-54,16135577;-20,8125215;-54,16058723
MS-040;Leste;Meio-Fio;59+251;59+268;17;-20,8126257;-54,16058490;-20,81277158;-54,16049445
MS-040;Leste;Meio-Fio;59+280;59+303;23;-20,81285492;-54,16046355;-20,81306297;-54,16038575
MS-040;Leste;Meio-Fio;59+303;59+753;450;-20,81306297;-54,16038575;-20,8169157;-54,15895036
MS-040;Leste;Meio-Fio;60+318;60+702;384;-20,8217129;-54,15714778;-20,82496631;-54,15592557
MS-040;Leste;Meio-Fio;60+702;60+714;12;-20,82496631;-54,15592557;-20,82506966;-54,15588596
MS-040;Leste;Meio-Fio;60+714;61+214;500;-20,82506966;-54,15588596;-20,82934028;-54,15429035
MS-040;;DP - CONCRETO;61+555;61+555;;20495907S;;54 9975W;
MS-040;Leste;Meio-Fio;61+640;61+667;27;-20,83296766;-54,15293158;-20,83331868;-54,15284995
MS-040;Leste;Meio-Fio;61+667;61+678;11;-20,83331868;-54,15284995;-20,83328687;-54,15281286
MS-040;Leste;Meio-Fio;61+678;61+877;199;-20,83328687;-54,15281286;-20,83498909;-54,15217542
MS-040;Leste;Meio-Fio;63+595;64+964;1369;-20,84982201;-54,14743406;-20,86185766;-54,14450688
MS-040;Leste;Meio-Fio;64+969;65+682;713;-20,86191809;-54,14449168;-20,8681239;-54,14296901
MS-040;;DP - CONCRETO;65+000;65+000;;20514717S;;54 83919W;
MS-040;Leste;Meio-Fio;65+682;65+687;5;-20,6818239;-54,14296901;-20,86822057;-54,1429584
MS-040;Leste;Meio-Fio;65+698;65+743;45;-20,8631598;-54,14293709;-20,8671723;-54,14284094
MS-040;Leste;Meio-Fio;65+737;65+775;38;-20,86865992;-54,14285504;-20,8690036;-54,14277053
MS-040;Leste;Meio-Fio;65+818;65+981;163;-20,8693851;-54,14267591;-20,87081423;-54,14232634
MS-040;Leste;Meio-Fio;69+605;69+627;22;-20,90269424;-54,13461610;-20,9028918;-54,13456812
MS-040;Leste;Meio-Fio;69+653;70+204;551;-20,90310829;-54,13451619;-20,90796944;-54,13335277
MS-040;;DP - CONCRETO;69+976;69+976;;20542483S;;54 8111W;
MS-040;;DP - CONCRETO;69+985;69+985;;20542513S;;54 8100W;
MS-040;Leste;Meio-Fio;70+562;70+643;81;-20,91112273;-54,13259789;-20,91183293;-54,13242933
MS-040;Leste;Meio-Fio;70+643;70+681;38;-20,91183293;-54,13242933;-20,91216102;-54,13235155
MS-040;Leste;Meio-Fio;70+681;71+182;501;-20,91216102;-54,13235155;-20,916572;-54,13129362
MS-040;Leste;Meio-Fio;71+182;71+188;6;-20,916572;-54,13129362;-20,91662978;-54,13127936
MS-040;Leste;Meio-Fio;71+188;71+252;64;-20,91662978;-54,13127936;-20,91718832;-54,13114555
MS-040;;DP - CONCRETO;71+200;71+200;;2055360S;;54 75141W;
MS-040;;DP - CONCRETO;71+200;71+200;;2055362S;;54 75203W;
MS-040;Leste;Meio-Fio;71+314;71+363;49;-20,91774473;-54,13101480;-20,91818162;-54,13090989
MS-040;Leste;Meio-Fio;71+374;71+425;51;-20,91827617;-54,13088689;-20,91871058;-54,13078331
MS-040;Leste;Meio-Fio;72+587;73+008;421;-20,92895828;-54,12832460;-20,93266607;-54,12743593
MS-040;;DP - CONCRETO;73+424;73+424;;20561264S;;54 73097W;
MS-040;;DP - CONCRETO;73+521;73+521;;20561508S;;54 72877W;
MS-040;Leste;Meio-Fio;73+529;73+822;293;-20,93684519;-54,12528600;-20,93884571;-54,12343604
MS-040;Leste;Meio-Fio;73+877;74+920;1043;-20,9392143;-54,12309679;-20,94636832;-54,11657498
MS-040;;DP - CONCRETO;74+459;74+459;;20563818S;;54 7772W;
MS-040;;DP - CONCRETO;74+464;74+464;;20563828S;;54 7761W;
MS-040;Leste;Meio-Fio;75+050;75+247;197;-20,947271;-54,11575247;-20,94861361;-54,11453106
MS-040;Leste;Meio-Fio;75+347;75+968;621;-20,94930627;-54,11389935;-20,95356131;-54,11001983
MS-040;;DP - CONCRETO;76+410;76+410;;20572553S;;54 62318W;
MS-040;Leste;Meio-Fio;76+911;77+565;654;-20,95871752;-54,10300417;-20,9612444;-54,09731134
MS-040;;DP - CONCRETO;77+273;77+273;;20573758S;;54 55610W;
MS-040;Leste;Meio-Fio;77+570;77+672;102;-20,96126221;-54,09727109;-20,96166312;-54,09637013
MS-040;Leste;Meio-Fio;77+678;77+688;10;-20,96168079;-54,09633023;-20,96172494;-54,09623053
MS-040;Leste;Meio-Fio;77+704;77+784;80;-20,96178689;-54,09609148;-20,9620948;-54,09540207
MS-040;Leste;Meio-Fio;77+794;78+228;434;-20,96212924;-54,0953235;-20,9360388;-54,09155075
MS-040;Leste;Meio-Fio;78+239;78+286;47;-20,96384645;-54,09145158;-20,96402871;-54,09103951
MS-040;Leste;Meio-Fio;78+296;78+593;297;-20,9640634;-54,09096137;-20,96521054;-54,08838517
MS-040;Leste;Meio-Fio;78+588;78+598;10;-20,96519375;-54,08842312;-20,9652358;-54,08832831
MS-040;Leste;Meio-Fio;78+598;78+674;76;-20,9652358;-54,08832831;-20,96552175;-54,08768381
MS-040;Leste;Meio-Fio;78+674;78+690;16;-20,96552175;-54,08768381;-20,96558955;-54,08753158
MS-040;Leste;Meio-Fio;78+690;79+747;1057;-20,96558955;-54,08753158;-20,97009379;-54,07857445
MS-040;;DP - CONCRETO;79+492;79+492;;2058955S;;54 44747W;
MS-040;Leste;Meio-Fio;79+759;79+787;28;-20,97014653;-54,07848768;-20,97028252;-54,07826232
MS-040;Leste;Meio-Fio;79+792;79+809;17;-20,97030332;-54,07822778;-20,97038652;-54,0780902
MS-040;;DP - CONCRETO;80+352;80+352;;20582475S;;54 42229W;
MS-040;Leste;Meio-Fio;80+424;80+482;58;-20,97339666;-54,07311493;-20,9736826;-54,07264242
MS-040;;DP - CONCRETO;81+146;81+146;;20583845S;;54 35898W;
MS-040;;DP - CONCRETO;81+146;81+146;;20583914S;;54 35945W;
MS-040;Leste;Meio-Fio;81+292;82+053;761;-20,97763917;-54,06610875;-20,98136461;-54,05995344
MS-040;;DP - CONCRETO;81+592;81+592;;20584662S;;54 34626W;
MS-040;;DP - CONCRETO;81+592;81+592;;20584668S;;54 34619W;
MS-040;Leste;Meio-Fio;82+771;83+052;281;-20,9848951;-54,05412890;-20,98625544;-54,05187386
MS-040;;DP - CONCRETO;83+068;83+068;;20591259S;;54 3347W;
MS-040;Leste;Meio-Fio;83+080;83+123;43;-20,98639243;-54,05164849;-20,98660618;-54,05129453
MS-040;Leste;Meio-Fio;83+134;83+167;33;-20,98666273;-54,05120730;-20,98682304;-54,0594014
MS-040;Leste;Meio-Fio;83+183;83+314;131;-20,9869033;-54,05080865;-20,98753959;-54,04975199
MS-040;Leste;Meio-Fio;83+336;83+374;38;-20,98765245;-54,0495667;-20,98783032;-54,04927188
MS-040;Leste;Meio-Fio;83+395;83+437;42;-20,98794059;-54,04908898;-20,98813748;-54,04876297
MS-040;Leste;Meio-Fio;83+443;83+573;130;-20,98817011;-54,04870910;-20,98880519;-54,04766811
MS-040;Leste;Meio-Fio;84+042;84+101;59;-20,99109582;-54,04388356;-20,99138746;-54,04340259
MS-040;Leste;Meio-Fio;84+150;84+530;380;-20,99162716;-54,04300384;-20,99347768;-54,039942
MS-040;Leste;Meio-Fio;86+712;87+331;619;-21,00415683;-54,02322930;-21,00717763;-54,01729985
MS-040;Leste;Meio-Fio;87+351;87+618;267;-21,0072851;-54,01711962;-21,00858454;-54,01496765
MS-040;Leste;Meio-Fio;87+624;87+789;165;-21,00861657;-54,01491410;-21,00943241;-54,01357114
MS-040;Leste;Meio-Fio;88+195;88+392;197;-21,01140629;-54,01029622;-21,01236734;-54,00871024
MS-040;Leste;Meio-Fio;88+794;88+884;90;-21,01433478;-54,00546490;-21,01477702;-54,00472907
MS-040;Leste;Meio-Fio;88+889;89+118;229;-21,01479933;-54,00469233;-21,015917;-54,00284376
MS-040;Leste;Meio-Fio;89+128;89+176;48;-21,01597134;-54,00275284;-21,01619978;-54,00237501
MS-040;Leste;Meio-Fio;89+176;89+207;31;-21,01619978;-54,00237501;-21,01634976;-54,00212586
MS-040;;DP - CONCRETO;89+191;89+191;;21 1035S;;54 0527W;
MS-040;Leste;Meio-Fio;89+250;89+370;120;-21,01656435;-54,00177406;-21,01714864;-54,00081143
MS-040;Leste;Meio-Fio;89+376;89+455;79;-21,01718037;-54,00075829;-21,01755934;-54,00013417
MS-040;Leste;Meio-Fio;89+460;89+545;85;-21,01759272;-54,00008035;-21,0180015;-53,99940256
MS-040;Leste;Meio-Fio;89+555;89+637;82;-21,01805716;-53,99931006;-21,01845193;-53,99866295
MS-040;Leste;Meio-Fio;91+376;91+398;22;-21,02695481;-53,98460181;-21,02705619;-53,98443031
MS-040;Leste;Meio-Fio;91+398;91+421;23;-21,02705619;-53,98443031;-21,02717107;-53,98424078
MS-040;Leste;Meio-Fio;91+426;91+437;11;-21,02719411;-53,98420281;-21,02725188;-54,98410808
MS-040;Leste;Meio-Fio;91+443;91+636;193;-21,02727503;-53,98407008;-21,02822496;-53,98249972
MS-040;Leste;Meio-Fio;91+636;91+714;78;-21,02822496;-53,98249972;-21,02860806;-53,98186709
MS-040;Leste;Meio-Fio;91+740;91+951;211;-21,02872641;-53,98166862;-21,02976434;-53,97995411
MS-040;Leste;Meio-Fio;91+951;92+197;246;-21,02976434;-53,97995411;-21,03096645;-53,97796013
MS-040;Leste;Meio-Fio;92+214;92+306;92;-21,03104604;-53,97782908;-21,03149241;-53,9770994
MS-040;Leste;Meio-Fio;92+306;92+322;16;-21,03149241;-53,97709940;-21,03157205;-53,97696848
MS-040;Leste;Meio-Fio;92+322;92+475;153;-21,03157205;-53,97696848;-21,03232545;-53,97571614
MS-040;Leste;Meio-Fio;92+521;92+737;216;-21,0325481;-53,97534943;-21,03360331;-53,97361071
MS-040;Oeste;Meio-Fio;92+750;91+829;921;-21,03358103;-53,97356141;;
MS-040;Leste;Meio-Fio;93+182;93+511;329;-21,03578544;-53,96999446;-21,03738589;-53,96734615
MS-040;Leste;Meio-Fio;93+571;93+592;21;-21,03767064;-53,96687678;-21,0377824;-53,96669125
MS-040;Leste;Meio-Fio;93+592;93+692;100;-21,0377824;-53,96669125;-21,03826187;-53,96588765
MS-040;Leste;Meio-Fio;93+713;93+823;110;-21,03837082;-53,96570756;-21,0389063;-53,96482702
MS-040;Leste;Meio-Fio;93+855;93+974;119;-21,03905971;-53,96457382;-21,03964407;-53,96360258
MS-040;Oeste;Meio-Fio;93+992;93+201;791;-21,03963144;-53,96352836;-21,03577496;-53,96993811
MS-040;;DP - CONCRETO;96+825;96+825;;21 31448S;;53562311W;
MS-040;Leste;Meio-Fio;96+847;97+005;158;-21,05366618;-53,94037676;-21,05444629;-53,908359
MS-040;Oeste;Meio-Fio;97+017;96+861;156;-21,05441279;-53,93904315;-21,05365681;-53,94029198
MS-040;Leste;Meio-Fio;98+423;98+527;104;-21,0613643;-53,92762045;-21,06186463;-53,92678821
MS-040;;DP - CONCRETO;98+441;98+441;;21 34295S;;53553613W;
MS-040;Leste;Meio-Fio;98+643;99+088;445;-21,06243707;-53,92584528;-21,06460357;-53,9222545
MS-040;;DP - CONCRETO;98+967;98+967;;21 35222S;;53552077W;
MS-040;Leste;Meio-Fio;99+726;100+113;387;-21,06771488;-53,91709313;-21,06959711;-53,91396546
MS-040;Leste;Meio-Fio;100+150;100+240;90;-21,06978235;-53,91365845;-21,0702212;-53,9129349
MS-040;Leste;Meio-Fio;100+245;100+410;165;-21,07024308;-53,91289829;-21,07105388;-53,91155087
MS-040;Leste;Meio-Fio;100+437;101+311;874;-21,07117689;-53,91134596;-21,07544296;-53,90427753
MS-040;Leste;Meio-Fio;101+808;103+104;1296;-21,07787188;-53,90026585;-21,08418765;-53,8897889
MS-040;;DP - CONCRETO;103+071;103+071;;21 5433S;;53532134W;
MS-040;;DP - CONCRETO;103+080;103+080;;21 5440S;;53532099W;
MS-040;Leste;Meio-Fio;103+109;103+560;451;-21,08421998;-53,88973534;-21,08444963;-53,88935502
MS-040;Leste;Meio-Fio;103+182;103+304;122;-21,08457106;-53,88915339;-21,0851638;-53,88817235
MS-040;Leste;Meio-Fio;103+304;103+309;5;-21,0851638;-53,88817235;-21,08519605;-53,88811933
MS-040;Leste;Meio-Fio;103+314;103+849;535;-21,0851638;-53,88817235;-21,0851638;-53,88817235
MS-040;Oeste;Meio-Fio;103+855;102+736;1119;-21,08783235;-53,88373185;-21,08237132;-53,89278725
MS-040;Leste;Meio-Fio;104+127;104+153;26;-21,0851638;-53,88817235;-21,0851638;-53,88817235
MS-040;Leste;Meio-Fio;104+159;104+423;264;-21,08933533;-53,88125161;-21,09063047;-53,87910807
MS-040;;DP - CONCRETO;104+800;104+800;;21 53466S;;53523099W;
MS-040;Leste;Meio-Fio;104+854;104+915;61;-21,09273827;-53,87561443;-21,09303313;-53,87512336
MS-040;Oeste;Meio-Fio;104+922;104+534;388;-21,09304535;-53,87508502;-21,09114722;-53,87823229
MS-040;Leste;Meio-Fio;104+931;104+963;32;-21,09311041;-53,87499637;-21,09326778;-53,87473766
MS-040;Leste;Meio-Fio;104+984;105+010;26;-21,09337281;-53,84756320;-21,09350577;-53,87434497
MS-040;Leste;Meio-Fio;105+021;105+068;47;-21,0935667;-53,87426384;-21,09376015;-53,87390642
MS-040;Leste;Meio-Fio;106+667;106+830;163;-21,1017019;-53,86075631;-21,10249162;-53,85944072
MS-040;Leste;Meio-Fio;108+832;109+014;182;-21,10795266;-53,84173630;-21,10797689;-53,83999128
MS-040;;DP - CONCRETO;108+873;108+873;;21 62883S;;53502611W;
MS-040;Leste;Meio-Fio;110+756;110+858;102;-21,10822009;-53,82326175;-21,10823646;-53,82228275
MS-040;Leste;Meio-Fio;110+858;110+943;85;-21,10823646;-53,82228275;-21,10824328;-53,82146716
MS-040;Leste;Meio-Fio;110+943;111+000;57;-21,10824328;-53,82146716;-21,10825159;-53,82089971
MS-040;Leste;Meio-Fio;111+012;111+034;22;-21,1082531;-53,82080430;-21,10825618;-53,82058946
MS-040;Leste;Meio-Fio;111+030;111+097;67;-21,10825618;-53,82058946;-21,1082663;-53,8199707
MS-040;Leste;Meio-Fio;112+013;112+458;445;-21,10839496;-53,81115409;;
MS-040;Oeste;Meio-Fio;112+038;111+578;460;-21,10839197;-53,81113797;-21,10832727;-53,81554505
MS-040;Leste;Meio-Fio;112+476;112+857;381;-21,10846009;-53,80677142;-21,10851351;-53,80303359
MS-040;Leste;Meio-Fio;112+868;113+092;224;-21,10851573;-53,80291605;-21,10854342;-53,80076797
MS-040;Leste;Meio-Fio;113+148;113+175;27;-21,10855177;-53,80023746;-21,10855683;-53,7999647
MS-040;Leste;Meio-Fio;113+235;113+515;280;-21,1085645;-53,79940402;-21,10860079;-53,79671549
MS-040;Leste;Meio-Fio;114+397;114+713;316;-21,10872736;-53,78822904;-21,1087713;-53,78517354
MS-040;Leste;Meio-Fio;116+097;116+772;674,5;-21,10896;-53,77186356;-21,1090474;-53,76591335
MS-040;Oeste;Meio-Fio;116+738;116+125;613;-21,10903721;-53,76594308;-21,10895294;-53,77182204
MS-040;Leste;Meio-Fio;117+500;118+457;957;-21,10915433;-53,75371870;-21,10928109;-53,74916218
MS-040;Oeste;Meio-Fio;117+761;117+364;397;-21,10917703;-53,75610544;-21,10912091;-53,75991253
MS-040;Leste;Meio-Fio;118+939;119+663;724;-21,10850958;-53,85564782;;
MS-040;Oeste;Meio-Fio;119+687;118+167;1520;-21,10591695;-53,73826009;-21,10923200;-53,75218808
MS-040;Leste;Meio-Fio;119+699;119+861;162;-21,10579631;-53,7379505;-21,10521112;-53,73650404
MS-040;Leste;Meio-Fio;119+872;119+964;92;-21,10517836;-53,7364225;-21,10484783;-53,73560428
MS-040;Leste;Meio-Fio;119+975;120+002;27;-21,1040641;-53,73550199;-21,1047156;-53,73527693
MS-040;Leste;Meio-Fio;120+002;120+013;11;-21,1047156;-53,73527693;-21,10467337;-53,7351747
MS-040;Leste;Meio-Fio;120+013;120+024;11;-21,10467337;-53,7351747;-21,10463167;-53,73507243
MS-040;Leste;Meio-Fio;120+024;120+045;21;-21,10463167;-53,73507243;-21,10455722;-53,73488806
MS-040;Leste;Meio-Fio;120+045;120+240;195;-21,10455722;-53,73488806;-21,10386089;-53,73317127
MS-040;Leste;Meio-Fio;120+246;120+341;95;-21,10384466;-53,73313062;-21,10350378;-53,73228939
MS-040;Oeste;Meio-Fio;120+364;119+726;638;;-21,10349960;-53,73229747 -21,10578702;-53,73792641
MS-040;Leste;Meio-Fio;121+611;121+999;388;-21,09895999;-53,72106443;-21,09765001;-53,71762752
MS-040;Leste;Meio-Fio;122+069;122+122;53;-21,0974992;-53,71698903;-21,09740912;-53,71646804
MS-040;Leste;Meio-Fio;122+479;123+123;644;-21,09748345;-53,71304066;-21,09878943;-53,70702287
MS-040;Leste;Meio-Fio;123+225;123+465;240;-21,0989929;-53,70608451;-21,09948684;-53,70382257
MS-040;Leste;Meio-Fio;123+465;123+514;49;-21,09948684;-53,70382257;-21,09958209;-53,70338176
MS-040;Leste;Meio-Fio;123+514;123+553;39;-21,09958209;-53,70338176;-21,09966512;-53,70300067
MS-040;Leste;Meio-Fio;124+088;124+211;123;-21,10075774;-53,69798244;-21,10100941;-53,69684005
MS-040;Leste;Meio-Fio;124+217;124+648;431;-21,1010197;-53,69679295;-21,10148975;-53,6927551
MS-040;;DP - CONCRETO;124+571;124+571;;21 6658S;;53413732W;
MS-040;Leste;Meio-Fio;124+741;124+786;45;-21,1028842;-53,69186973;-21,10217507;-53,69147102
MS-040;Oeste;Meio-Fio;124+790;124+074;716;;-21,10212735;-53,69161443 -21,10066916;-53,69832725
MS-040;Leste;Meio-Fio;125+909;125+949;40;-21,10446975;-53,68092211;-21,10455251;-53,68054081
MS-040;Leste;Meio-Fio;126+987;127+070;83;-21,10666236;-53,67083507;-21,10683101;-53,67006401
MS-040;Leste;Meio-Fio;127+232;127+274;42;-21,1071628;-53,66853752;-21,10725131;-53,66812627
MS-040;Leste;Meio-Fio;128+329;128+424;95;-21,10939942;-53,65825652;-21,10959266;-53,65738548
MS-040;Leste;Meio-Fio;128+430;128+545;115;-21,10960681;-53,65731868;-21,10983823;-53,65623575
MS-040;Leste;Meio-Fio;128+551;128+673;122;-21,10984781;-53,65619195;-21,11009769;-53,65503803
MS-040;Leste;Meio-Fio;128+701;128+711;10;-21,11015289;-53,65478598;-21,11017578;-53,65468075
MS-040;Leste;Meio-Fio;128+748;128+763;15;-21,11024829;-53,6543442;-21,11028053;-53,65417979
MS-040;Leste;Meio-Fio;128+784;128+847;63;-21,11032231;-53,65401057;-21,11045267;-53,65340861
MS-040;;DP - CONCRETO;128+787;128+787;;21 63663S;;53391504W;
MS-040;Leste;Meio-Fio;128+868;129+502;634;-21,11049757;-53,65319922;-21,11178501;-53,64727032
MS-040;Leste;Meio-Fio;129+513;129+727;214;-21,11180619;-53,64717207;-21,11223882;-53,64517901
MS-040;Oeste;Meio-Fio;129+748;128+352;1396;;-21,11222971;-53,64515286 -21,10938462;-53,65824673
MS-040;Leste;Meio-Fio;130+834;130+871;37;-21,11448759;-53,6348121;-21,11456602;-53,63444787
MS-040;Leste;Meio-Fio;130+893;130+940;47;-21,11460731;-53,63425528;-21,11470409;-53,63380702
MS-040;Leste;Meio-Fio;130+951;130+988;37;-21,11472733;-53,6337006;-21,11480245;-53,63336093
MS-040;Leste;Meio-Fio;131+020;131+166;146;-21,11486706;-53,63306399;-21,11516037;-53,63169711
MS-040;;DP - CONCRETO;131+116;131+116;;21 65379S;;53375634W;
MS-040;Leste;Meio-Fio;131+177;131+264;87;-21,11518347;-53,63159369;-21,11536554;-53,63076464
MS-040;Leste;Meio-Fio;131+269;131+381;112;-21,11537473;-53,63072318;-21,11560334;-53,62967061
MS-040;Leste;Meio-Fio;131+402;131+793;391;-21,11564272;-53,62948698;;
MS-040;Leste;Meio-Fio;131+804;132+176;372;-21,11646069;-53,62571349;-21,11721828;-53,62221946
MS-040;Leste;Meio-Fio;132+176;132+220;44;-21,11721828;-53,62221946;-21,11730714;-53,62181746
MS-040;Leste;Meio-Fio;132+304;132+407;103;-21,11747806;-53,62103125;-21,11768957;-53,62004963
MS-040;Leste;Meio-Fio;133+193;133+255;62;-21,11928955;-53,61268195;-21,11941227;-53,61211639
MS-040;Leste;Meio-Fio;133+278;133+300;22;-21,11946139;-53,61189099;-21,11950567;-53,61168891
MS-040;Leste;Meio-Fio;133+311;133+328;17;-21,1195306;-53,61157713;-21,11955991;-53,61144328
MS-040;;DP - CONCRETO;133+319;133+319;;21 7974S;;53364204W;
MS-040;Leste;Meio-Fio;133+333;133+378;45;-21,11956958;-53,61139877;-21,11966638;-53,61095364
MS-040;Leste;Meio-Fio;136+135;136+174;39;-21,12527004;-53,58514686;-21,1253516;-53,58477037
MS-040;Leste;Meio-Fio;136+174;136+376;202;-21,1253516;-53,58477037;-21,12576222;-53,58288045
MS-040;Leste;Meio-Fio;136+382;136+881;499;-21,1257721;-53,58283463;-21,12678369;-53,57815091
MS-040;Leste;Meio-Fio;136+881;137+059;178;-21,12678369;-53,57815091;-21,12781513;-53,57647895
MS-040;Oeste;Meio-Fio;137+032;136+165;867;;-21,12704833;-53,57687319 -21,1258316;-53,58500325
MS-040;Leste;Meio-Fio;137+059;137+112;53;-21,12781513;-53,57647895;-21,12726122;-53,57596671
MS-040;Leste;Meio-Fio;138+924;138+929;5;-21,1309465;-53,55898203;-21,13095624;-53,55893841
MS-040;Leste;Meio-Fio;138+935;139+016;81;-21,13096599;-53,55889482;-21,13113933;-53,55813578
MS-040;Leste;Meio-Fio;139+195;139+234;39;-21,13153708;-53,55646322;-21,13163048;-53,55608582
MS-040;Leste;Meio-Fio;140+272;140+577;305;-21,13398968;-53,54645915;-21,13468814;-53,54362148
MS-040;Oeste;Meio-Fio;140+658;140+082;576;-21,13480313;-53,54302779;-21,13349774;-53,54836940
MS-040;Leste;Meio-Fio;143+399;143+704;305;-21,13964182;-53,5175246;-21,13950158;-53,51423328
MS-040;;DP - CONCRETO;143+403;143+403;;21 82264S;;53306000W;
MS-040;Oeste;Meio-Fio;143+823;143+038;785;-21,13943368;-53,51324108;-21,13965241;-53,52079696
MS-040;;DP - CONCRETO;146+621;146+621;;21 81373S;;5329897W;
MS-040;Oeste;Meio-Fio;146+772;146+597;175;-21,13718069;-53,48509962;-21,13741361;-53,48675582
MS-040;;DP - CONCRETO;147+843;147+843;;21 8773S;;53282710W;
MS-040;Leste;Meio-Fio;147+867;147+918;51;-21,13541535;-53,47450549;;
MS-040;Oeste;Meio-Fio;147+978;147+759;219;-21,13518376;-53,47348294;-21,13559008;-53,47555460
MS-040;;DP - CONCRETO;150+261;150+261;;21 74791S;;5327603W;
MS-040;;DP - CONCRETO;152+382;152+382;;21 8678S;;53255722W;
MS-040;;DP - CONCRETO;155+562;155+562;;21 9981S;;53242950W;
MS-040;;DP - CONCRETO;157+840;157+840;;21 95597S;;53232835W;
MS-040;;DP - CONCRETO;160+548;160+548;;21104981S;;53221396W;
MS-040;;DP - CONCRETO;162+323;162+323;;21112565S;;53212583W;
MS-040;;DP - CONCRETO;164+113;164+113;;21112812S;;53202444W;
MS-040;;DP - CONCRETO;166+953;166+953;;21112692S;;53184606W;
MS-040;;DP - CONCRETO;167+050;167+050;;21112675S;;53184281W;
MS-040;;DP - CONCRETO;168+916;168+916;;21112469S;;53173806W;
MS-040;;DP - CONCRETO;169+010;169+010;;21112570S;;53173473W;
MS-040;;DP - CONCRETO;173+598;173+598;;21102153S;;53151661W;
MS-040;;DP - CONCRETO;175+335;175+335;;21 94759S;;53142835W;
MS-040;Oeste;Meio-Fio;175+597;;438;-21,16218543;-53,23957292;-21,16451007;-53,24298780
MS-040;;DP - CONCRETO;177+515;177+515;;21 9590S;;53132721W;
MS-040;;DP - CONCRETO;181+899;181+899;;21 82313S;;5311392W;
MS-040;;DP - CONCRETO;184+145;184+145;;21 81688S;;53 94806W;
MS-040;;DP - CONCRETO;188+578;188+578;;21 82112S;;53 71952W;
MS-040;;DP - CONCRETO;190+878;190+878;;21 84772S;;53 6506W;
MS-040;;DP - CONCRETO;193+435;193+435;;21 91714S;;53 44206W;
MS-040;;DP - CONCRETO;195+266;195+266;;21 93819S;;53 34277W;
MS-040;;DP - CONCRETO;196+601;196+601;;21 95337S;;53 25952W;
MS-040;;DP - CONCRETO;197+493;197+493;;2110377S;;53 23055W;
MS-040;;DP - CONCRETO;200+641;200+641;;21105302S;;53 05891W;
MS-040;;DP - CONCRETO;200+679;200+679;;21105409S;;53 05830W;
MS-040;;DP - CONCRETO;208+101;208+101;;21133886S;;52581416W;
MS-040;;DP - CONCRETO;209+600;209+600;;21134130S;;52572144W;
MS-040;;DP - CONCRETO;211+371;211+371;;21142241S;;52563896W;
MS-040;;DP - CONCRETO;212+043;212+043;;21143878S;;52562357W;
MS-040;;DP - CONCRETO;212+530;212+530;;21145003S;;52561157W;
MS-040;;DP - CONCRETO;213+213;213+213;;2115335S;;52555297W;
MS-040;;DP - CONCRETO;213+618;213+618;;2115902S;;52554019W;
MS-040;;DP - CONCRETO;217+582;217+582;;2116528S;;52533662W;
MS-040;;DP - CONCRETO;218+101;218+101;;21161040S;;52531944W;
MS-040;;DP - CONCRETO;220+031;220+031;;21163533S;;52522186W;
MS-040;;DP - CONCRETO;221+739;221+739;;21171556S;;52514104W;
MS-040;;DP - CONCRETO;222+736;222+736;;21173960S;;52511788W;
MS-338;Leste;Meio-Fio;284+013;284+357;344;-21,30566201;-52,82365931;-21,30852851;-52,82490026
MS-338;Oeste;Meio-Fio;284+351;284+015;336;-21,30854282;-52,82489010;-21,30583625;-52,82346061
MS-338;Leste;Meio-Fio;286+153;286+570;417;-21,32373945;-52,82623898;-21,32727009;-52,82486258
MS-338;;DP - CONCRETO;286+335;286+335;;21182719S;;52492793W;
MS-338;Oeste;Meio-Fio;286+540;285+430;1110;-21,32728259;-52,82482957;-21,31769449;-52,82774172
MS-338;;DP - CONCRETO;286+555;286+555;;21183638S;;52493225W;
MS-338;;DP - CONCRETO;296+935;296+935;;21225163S;;52461409W;
MS-338;;DP - CONCRETO;297+595;297+595;;2123637S;;52455716W;
MS-338;;DP - CONCRETO;318+790;318+790;;21291887S;;52353958W;
MS-395;Sul;Meio-Fio;64+577;64+835;258;-21,72051619;-52,42925547;-21,72002243;-52,42682568
MS-395;Sul;Meio-Fio;65+442;65+603;161;-21,71982040;-52,42914171;-21,71870469;-52,42815281
MS-395;Norte;Grelha;66+672;;;-21,71130802;-52,42162404;;
MS-395;Sul;Meio-Fio;66+802;67+219;417;-21,71048237;-52,42234384;-21,70832806;-52,41934333
MS-395;Norte;Meio-Fio;67+080;66+688;392;-21,70840862;-52,41921602;-21,71119398;-52,42152640
MS-395;Norte;Grelha;67+080;;;-21,70840862;-52,41921602;;
MS-395;Norte;Descida d'água;67+181;;;-21,70761939;-52,41874792;;
MS-395;Sul;Meio-Fio;67+265;68+363;1098;-21,70816290;-52,41902127;-21,69948498;-52,41398060
MS-395;Norte;Descida d'água;67+391;;;-21,70597937;-52,41779054;;
MS-395;Norte;Descida d'água;67+483;;;-21,70524197;-52,41736297;;
MS-395;Norte;Descida d'água;67+560;;;-21,70462847;-52,41700959;;
MS-395;Norte;Descida d'água;67+640;;;-21,7040195;-52,41665344;;
MS-395;Norte;Descida d'água;67+718;;;-21,7033828;-52,4162848;;
MS-395;Norte;Descida d'água;67+796;;;-21,70277145;-52,41592841;;
MS-395;Norte;Descida d'água;67+875;;;-21,70215467;-52,41556804;;
MS-395;Norte;Descida d'água;67+954;;;-21,70153301;-52,41520994;;
MS-395;Norte;Descida d'água;68+028;;;-21,70095878;-52,41486978;;
MS-395;Norte;Descida d'água;68+106;;;-21,70034391;-52,41451222;;
MS-395;Norte;Descida d'água;68+183;;;-21,69973133;-52,41415588;;
MS-395;Norte;Descida d'água;68+260;;;-21,69911765;-52,41379902;;
MS-395;Sul;Meio-Fio;68+385;68+875;490;-21,69930995;-52,41387874;-21,69543534;-52,41162145
MS-395;Norte;Descida d'água;68+417;;;-21,69789597;-52,41308954;;
MS-395;Norte;Descida d'água;68+495;;;-21,69727447;-52,41273328;;
MS-395;Norte;Descida d'água;68+563;;;-21,69673739;-52,41241544;;
MS-395;Norte;Descida d'água;68+647;;;-21,69608091;-52,41202955;;
MS-395;Norte;Descida d'água;68+722;;;-21,69549805;-52,41168825;;
MS-395;Norte;Meio-Fio;68+749;67+111;1638;-21,69527927;-52,41155875;-21,70816551;-52,41906886
MS-395;Norte;Descida d'água;68+802;;;-21,69486149;-52,41131438;;
MS-395;Norte;Descida d'água;68+880;;;-21,69424023;-52,41095347;;
MS-395;Sul;Meio-Fio;68+885;69+249;364;-21,69535570;-52,41157438;-21,69247978;-52,40990944
MS-395;Norte;Descida d'água;68+958;;;-21,69363156;-52,41059940;;
MS-395;Norte;Descida d'água;69+080;;;-21,69267749;-52,41004639;;
MS-395;Norte;Meio-Fio;69+117;68+771;346;-21,69237710;-52,40987254;-21,6951081;-52,41145796
MS-395;Norte;Descida d'água;69+122;;;-21,69232944;-52,40984545;;
MS-395;;DP - CONCRETO;70+240;70+240;;21405930S;;52241762W;
MS-395;Norte;Meio-Fio;70+709;70+670;39;-21,67959428;-52,40303836;-21,67990962;-53,40321055
MS-395;Norte;Descida d'água;70+715;;;-21,67956107;-52,40302047;;
MS-395;Norte;Descida d'água;70+770;;;-21,67911142;-52,40278196;;
MS-395;Norte;Descida d'água;70+798;;;-21,67887778;-52,40265671;;
MS-395;Norte;Descida d'água;70+853;;;-21,67844089;-52,40242207;;
MS-395;Norte;Descida d'água;70+926;;;-21,67785962;-52,40211645;;
MS-395;Norte;Descida d'água;71+011;;;-21,67717931;-52,40175403;;
MS-395;Norte;Descida d'água;71+122;;;-21,67627624;-52,40131210;;
MS-395;Norte;Descida d'água;71+258;;;-21,67508240;-52,40101639;;
MS-395;Norte;Descida d'água;71+403;;;-21,67377865;-52,40110689;;
MS-395;Norte;Meio-Fio;71+633;70+737;896;-21,67181388;-52,40176445;-21,67937791;-52,40292308
MS-395;Norte;Descida d'água;71+644;;;-21,67172684;-52,40179619;;
MS-395;Norte;Descida d'água;71+960;;;-21,66902994;-52,40276648;;
MS-395;Sul;Meio-Fio;72+076;72+281;205;-21,66920298;-52,40268413;-21,66744455;-52,40331521
MS-395;Norte;Descida d'água;72+153;;;-21,66739626;-52,40335381;;
MS-395;Norte;Descida d'água;72+234;;;-21,66670645;-52,40360246;;
MS-395;Norte;Meio-Fio;72+322;71+949;373;-21,66595317;-52,40387763;-21,66913531;-52,40272803
MS-395;Sul;Meio-Fio;72+326;72+460;134;-21,66707190;-52,40344830;-21,66591392;-52,40386608
MS-395;Norte;Descida d'água;72+764;;;-21,66220845;-52,40522551;;
MS-395;Norte;Meio-Fio;72+791;72+764;27;-21,66197852;-52,40530751;-21,66220845;-52,40522551
MS-395;Norte;Meio-Fio;72+937;72+825;112;-21,66076468;-52,40580686;-21,66169639;-52,40541332
